,,,,,,,,,,,,,,,,,,,,,,,,,,,,,,,,,,,,,,,,,,,,,,,,,,,,,,
,,,,,,,,,,,,,,,,,,,,,,,,,,,,,,,,,,,,,,,,,,,,,,,,,,,,,,
,,,,,,,,,,,,,,,,,,,,,,,,,,,,,,,,,,,,,,,,,,,,,,,,,,,,,,
,,Report Project DAILY JUNI,,,,,,,,,,,,,,,,,,,,,,,,"PROGRESS DONE ALL DIVISI PER UNIT DILUAR PEKERJAAN KD, KP & QA",,,,,,,,,,"PROGRESS DONE ALL DIVISI PER UNIT DILUAR PEKERJAAN KD, KP & QA",,,,,,,,,,"PROGRESS DONE ALL DIVISI PER UNIT DILUAR PEKERJAAN KD, KP & QA",,,,,,,,
,,,,,,,,,,,,,,,,,,,,,,,,,,,,,,,,,,,,,,,,,,,,,,,,,,,,,,
,,,,,,,,,,,,,,,,,,,,,,,,,,,,,,,,,,,,,,,,,,,,,,,,,,,,,,
,,,,,,,,,,,,,,,,,,,,,,"PERHITUNGAN JAM KERJA DI LUAR TEAM MIS & WAREHOUSE (GABUNGAN MARGIN, NON MARGIN & ALL UNIT)",,,,UNIT MARGIN,,,,,,,,,,UNIT MARGIN,,,,,,,,,,UNIT MARGIN,,,,,,,,
,UNIT MARGIN,,,,,,,,,,,,,,,,,,,,,,,,,NAMA UNIT,MECHANIC,BODY WORK,BODY PAINT,INTERIOR,CHROME,BUBUT,TOTAL 8-13 JUNI,ACTUAL FOTO SPF (Done),,NAMA UNIT,MECHANIC,BODY WORK,BODY PAINT,INTERIOR,CHROME,BUBUT,TOTAL 15-21 JUNI,ACTUAL FOTO SPF (Done),,NAMA UNIT,MECHANIC,BODY WORK,BODY PAINT,INTERIOR,CHROME,BUBUT,TOTAL 22-30 JUNI,ACTUAL FOTO SPF (Done)
,No.,Nama unit,MECHANIC,,BODY WORK,,BODY PAINT,,INTERIOR,,CHROME,,BUBUT,,QA,,ALL DIVISI,,TOTAL,TOTAL JAM KERJA ACTUAL,,,,,,MB R129 Mr. DIKO,5,0,25,5,0,1,36,34,,MB R129 Mr. DIKO,18,2,17,1,0,0,38,29,,MB R129 Mr. DIKO,41,2,21,6,9,0,79,50
,,,TARGET,ACTUAL,TARGET,ACTUAL,TARGET,ACTUAL,TARGET,ACTUAL,TARGET,ACTUAL,TARGET,ACTUAL,TARGET,ACTUAL,TARGET,ACTUAL,,,,,,,,MB MPS Mr. DIKO,12,0,2,1,0,0,15,12,,MB MPS Mr. DIKO,8,0,6,0,0,0,14,15,,MB MPS Mr. DIKO,11,0,2,4,0,0,17,14
,1,CHEVROLET Mr. NYOMAN,100:00,21:19,100:00,242:35,50:00,0:00,50:00,0:00,30:00,12:35,39:00,29:59,0:00,0:00,0:00,0:00,369:00,306:28,,"Senin, 01 Juni 2026",551:16,,,MB 500 SEC Mr. DIKO,9,0,10,0,0,1,20,18,,MB 500 SEC Mr. DIKO,9,2,3,3,0,0,17,17,,MB 500 SEC Mr. DIKO,17,1,3,2,0,0,23,15
,2,FERRARI F355 Mr. SILMY,0:00,2:20,0:00,0:00,0:00,0:00,0:00,0:00,0:00,0:00,0:00,0:00,0:00,0:00,0:00,0:00,0:00,2:20,,"Selasa, 02 Juni 2026",534:38,,,PORSCHE 911 Mr. HANDY,2,1,0,0,1,0,4,3,,CHEVROLET Mr. NYOMAN,0,0,0,0,0,0,0,1,,CHEVROLET Mr. NYOMAN,1,2,0,0,0,1,4,5
,3,JAGUAR XK120 Mr. JAMES,200:00,231:25,100:00,12:03,100:00,99:43,150:00,44:01,100:00,0:00,0:00,0:00,0:00,0:00,0:00,0:00,650:00,387:12,,"Rabu, 03 Juni 2026",550:04,,,CHEVROLET Mr. NYOMAN,0,5,0,0,0,0,5,4,,MB 500 SEL Mr. SILMY,0,1,0,0,0,0,1,0,,MB 500 SEL Mr. SILMY,0,0,0,0,0,3,3,0
,4,JAGUAR XK120 Mr. JAMES ( JOBDESC KHUSUS ),0:00,0:00,100:00,0:00,100:00,0:00,100:00,0:00,0:00,0:00,0:00,0:00,0:00,0:00,0:00,0:00,300:00,0:00,,"Kamis, 04 Juni 2026",579:45,,,MB PONTON 220 S Mr. SANTOSO,1,0,5,4,2,0,12,8,,PORSCHE 911 Mr. HANDY,2,1,7,0,0,0,10,1,,PORSCHE 911 Mr. HANDY,0,0,0,0,0,0,0,1
,5,MB 190 SL Mr. ADRIAN,200:00,133:04,150:00,19:36,100:00,24:35,200:00,82:26,100:00,16:00,0:00,7:00,0:00,0:00,0:00,0:00,750:00,282:41,,"Jumat, 05 Juni 2026",519:33,,,PORSCHE 930 Mr. ADRIAN,15,0,2,1,0,0,18,10,,MB BATMAN Mr. ICHSAN,4,0,4,0,0,0,8,6,,MB BATMAN Mr. ICHSAN,7,2,14,0,6,0,29,24
,6,MB 300 CE Mr. DIKO,150:00,201:23,150:00,92:48,100:00,21:00,50:00,17:58,0:00,0:00,0:00,0:00,0:00,0:00,0:00,0:00,450:00,333:09,,"Sabtu, 06 Juni 2026",7:45,,,MB BATMAN Mr. ICHSAN,2,0,1,3,1,0,7,4,,MB PAGODA Mr. DIDI,2,0,4,0,1,0,7,5,,MB PAGODA Mr. DIDI,1,4,12,4,0,0,21,14
,7,MB 500 SEC Mr. DIKO,200:00,323:09,200:00,189:51,200:00,62:10,150:00,138:10,80:00,0:00,0:00,9:04,0:00,0:00,0:00,0:00,830:00,722:24,,"Senin, 08 Juni 2026",576:44,,,MB 500 SEL Mr. SILMY,0,0,0,0,0,0,0,0,,MB 300 CE Mr. DIKO,0,0,0,0,0,0,0,3,,MB 300 CE Mr. DIKO,19,2,0,0,0,0,21,12
,8,MB 500 SEL Mr. SILMY,0:00,34:47,0:00,0:00,0:00,32:37,0:00,23:13,0:00,0:00,0:00,0:00,0:00,2:41,0:00,0:00,0:00,93:18,,"Selasa, 09 Juni 2026",572:41,,,MB 190 SL Mr. ADRIAN,4,1,3,0,0,1,9,9,,MB 560 SEC Mr. SILMY,1,0,0,0,0,0,1,0,,MB 560 SEC Mr. SILMY,8,0,0,0,0,0,8,2
,9,MB 560 SEC Mr. SILMY,0:00,37:34,0:00,15:22,0:00,13:05,0:00,0:00,0:00,0:00,0:00,0:00,0:00,0:00,0:00,0:00,0:00,66:01,,"Rabu, 10 Juni 2026",564:38,,,MB PAGODA Mr. DIDI,1,3,3,0,0,0,7,5,,MB PONTON 220 S Mr. SANTOSO,2,6,3,0,0,0,11,9,,MB PONTON 220 S Mr. SANTOSO,0,1,15,0,3,0,19,16
,10,MB BATMAN Mr. ICHSAN,200:00,141:45,200:00,13:36,100:00,115:21,100:00,125:37,150:00,236:42,0:00,0:00,0:00,0:00,0:00,0:00,750:00,633:01,,"Kamis, 11 Juni 2026",550:29,,,MB 300 CE Mr. DIKO,6,0,1,1,0,0,8,7,,PORSCHE 930 Mr. ADRIAN,0,1,0,1,0,0,2,3,,PORSCHE 930 Mr. ADRIAN,21,3,3,0,0,0,27,12
,11,MB E320 SPORTLINE SILVER Mr. DIKO,250:00,219:06,200:00,43:15,250:00,331:32,200:00,34:59,50:00,13:00,0:00,4:07,0:00,5:17,0:00,0:00,950:00,651:16,,"Jumat, 12 Juni 2026",549:03,,,PORSCHE 993 Mr. ADRIAN,10,1,0,1,0,1,13,10,,PORSCHE 993 Mr. ADRIAN,9,1,6,0,0,0,16,11,,PORSCHE 993 Mr. ADRIAN,17,3,2,1,0,1,24,12
,12,MB GROSSER Mr. INDRA,200:00,30:50,100:00,128:17,100:00,27:58,100:00,0:00,0:00,7:04,0:00,0:00,0:00,0:00,0:00,0:00,500:00,194:09,,"Sabtu, 13 Juni 2026",352:46,,,MB 560 SEC Mr. SILMY,0,1,0,0,0,0,1,0,,JAGUAR XK120 Mr. JAMES,0,0,0,0,0,0,0,3,,JAGUAR XK120 Mr. JAMES,15,0,3,0,0,0,18,6
,13,MB MPS Mr. DIKO,200:00,214:38,200:00,6:00,200:00,190:40,200:00,53:47,0:00,0:00,0:00,0:00,0:00,0:00,0:00,0:00,800:00,465:05,,"Minggu, 14 Juni 2026",121:40,,,MB E320 SPORTLINE SILVER Mr. DIKO,26,2,3,8,0,1,40,29,,MB 190 SL Mr. ADRIAN,21,0,10,0,0,0,31,2,,MB 190 SL Mr. ADRIAN,3,0,0,3,0,0,6,4
,14,MB PAGODA Mr. DIDI,100:00,14:53,140:00,95:27,300:00,396:26,100:00,53:32,0:00,0:00,0:00,0:00,0:00,0:00,0:00,0:00,640:00,560:18,,"Senin, 15 Juni 2026",532:16,,,JAGUAR XK120 Mr. JAMES,5,0,1,5,0,0,11,7,,MB E320 SPORTLINE SILVER Mr. DIKO,3,0,1,0,0,0,4,21,,MB E320 SPORTLINE SILVER Mr. DIKO,13,5,21,0,2,0,41,24
,15,MB PAGODA Mr. SILMY,0:00,5:10,0:00,0:00,0:00,0:00,0:00,0:00,0:00,0:00,0:00,0:00,0:00,0:00,0:00,0:00,0:00,5:10,,"Selasa, 16 Juni 2026",563:11,,,MB R107 Mr. SILMY,2,0,0,0,0,0,2,0,,MB R107 Mr. SILMY,0,0,0,0,0,0,0,0,,MB R107 Mr. SILMY,12,0,0,0,0,0,12,4
,16,MB PONTON 220 S Mr. SANTOSO,150:00,56:38,50:00,12:20,200:00,179:49,150:00,37:09,100:00,22:00,0:00,0:00,0:00,0:00,0:00,0:00,650:00,307:56,,"Rabu, 17 Juni 2026",539:04,,,MB W212 Mr. BILLY,0,0,0,0,0,0,0,0,,FERRARI F355 Mr. SILMY,0,0,0,0,0,0,0,0,,FERRARI F355 Mr. SILMY,0,0,0,0,0,0,0,0
,17,MB R107 Mr. SILMY,0:00,78:19,0:00,0:00,0:00,6:00,0:00,0:00,0:00,0:00,0:00,0:00,0:00,0:00,0:00,0:00,0:00,84:19,,"Kamis, 18 Juni 2026",553:58,,,MB W 111 KEBO Mr. INDRA,0,1,0,0,0,0,1,0,,JAGUAR XK120 Mr. JAMES ( JOBDESC KHUSUS ),2,1,0,0,0,0,3,0,,JAGUAR XK120 Mr. JAMES ( JOBDESC KHUSUS ),0,0,0,0,0,0,0,0
,18,MB R129 Mr. DIKO,300:00,356:16,200:00,99:17,400:00,466:06,300:00,281:51,0:00,17:05,0:00,4:00,0:00,0:00,0:00,0:00,1200:00,1224:35,,"Jumat, 19 Juni 2026",540:29,,,MB PAGODA Mr. SILMY,0,0,0,0,0,0,0,0,,MB GROSSER Mr. INDRA,0,0,0,0,0,0,0,1,,MB GROSSER Mr. INDRA,0,1,1,0,0,0,2,2
,19,MB W 111 KEBO Mr. INDRA,100:00,33:00,100:00,110:32,100:00,0:00,100:00,0:00,100:00,0:00,0:00,0:00,0:00,0:00,0:00,0:00,500:00,143:32,,"Sabtu, 20 Juni 2026",140:04,, ,MB GROSSER Mr. INDRA,0,7,2,0,0,0,9,6,,MB PAGODA Mr. SILMY,0,1,0,0,0,0,1,0,,MB PAGODA Mr. SILMY,0,0,0,0,0,0,0,0
,20,MB W212 Mr. BILLY,50:00,0:00,0:00,0:00,0:00,0:00,0:00,0:00,0:00,0:00,0:00,0:00,0:00,0:00,0:00,0:00,50:00,0:00,,"Minggu, 21 Juni 2026",107:56,,,MB MASTERPIECE Mr. DIKO,0,0,0,0,0,0,0,0,,MB MASTERPIECE NEW Mr. DIKO,0,0,0,0,0,0,0,5,,MB MASTERPIECE Mr. DIKO,0,0,0,0,0,0,0,45
,21,PORSCHE 911 Mr. HANDY,100:00,44:32,150:00,27:05,150:00,31:01,50:00,0:00,0:00,13:01,0:00,3:00,0:00,0:00,0:00,0:00,450:00,118:39,,"Senin, 22 Juni 2026",519:45,,,JAGUAR XK120 Mr. JAMES ( JOBDESC KHUSUS ),0,0,0,0,0,0,0,0,,MB W 111 KEBO Mr. INDRA,0,0,0,0,0,0,0,1,,MB W 111 KEBO Mr. INDRA,0,0,0,0,0,0,0,0
,22,PORSCHE 930 Mr. ADRIAN,150:00,314:42,0:00,26:15,50:00,85:25,0:00,6:30,0:00,0:00,0:00,0:00,0:00,0:00,0:00,0:00,200:00,432:52,,"Selasa, 23 Juni 2026",596:02,,,FERRARI F355 Mr. SILMY,0,0,0,0,0,0,0,0,,MB W212 Mr. BILLY,0,0,0,0,0,0,0,0,,MB W212 Mr. BILLY,0,0,0,0,0,0,0,0
,23,PORSCHE 993 Mr. ADRIAN,100:00,101:49,50:00,21:39,50:00,31:27,0:00,5:30,0:00,0:00,0:00,53:15,0:00,0:00,0:00,0:00,200:00,213:40,,"Rabu, 24 Juni 2026",573:40,,,UNIT NON MARGIN,,,,,,,,,,UNIT NON MARGIN,,,,,,,,,,UNIT NON MARGIN,,,,,,,,
,24,MB MASTERPIECE NEW Mr. DIKO,200:00,225:51,50:00,8:26,50:00,0:00,0:00,0:00,0:00,0:00,0:00,0:00,0:00,0:00,0:00,0:00,300:00,234:17,,"Kamis, 25 Juni 2026",604:32,,,FIAT MULTIPLA Mr. JOKO,63,22,46,4,8,4,147,125,,FIAT MULTIPLA Mr. JOKO,43,23,65,18,14,7,170,143,,FIAT MULTIPLA Mr. JOKO,23,17,42,13,8,3,106,80
,25,ALL UNIT,100:00,72:23,100:00,295:44,100:00,68:51,100:00,57:40,0:00,0:00,0:00,0:00,0:00,0:00,200:00,1210:36,600:00,1705:14,,"Jumat, 26 Juni 2026",577:46,,,MB W124 E320 SPORTLINE Mr. MARTHIN,4,6,0,3,1,0,14,12,,MB W124 E320 SPORTLINE Mr. MARTHIN,7,0,0,1,1,0,9,8,,MB W124 E320 SPORTLINE Mr. MARTHIN,13,3,2,1,0,0,19,13
,TOTAL TARGET BULAN JUNI MARGIN,,,,,,,,,,,,,,,,,,11139:00,9167:36,,"Sabtu, 27 Juni 2026",399:02,,,MB R 230 Mr. STANLEY,12,1,11,4,0,0,28,19,,MB E320 SPORTLINE HIJAU Mr. DIKO,0,0,3,6,0,0,9,0,,MB E320 SPORTLINE HIJAU Mr. DIKO,0,0,0,0,0,0,0,0
,UNIT NON MARGIN,,,,,,,,,,,,,,,,,,,,,"Minggu, 28 Juni 2026",65:28,,,MB E320 SPORTLINE HIJAU Mr. DIKO,0,0,0,0,0,0,0,0,,MB R 230 Mr. STANLEY,0,0,0,0,0,0,0,7,,MB R 230 Mr. STANLEY,1,0,0,0,0,0,1,0
,1,BMW 530 I Mr. MARTHIN,20:00,31:30,0:00,0:00,0:00,0:00,0:00,0:00,0:00,0:00,0:00,11:06,0:00,0:00,0:00,0:00,20:00,42:36,,"Senin, 29 Juni 2026",381:06,,,MB W 111 KEBO SM,0,1,0,0,0,0,1,1,,MB W 111 KEBO SM,0,0,0,2,0,0,2,2,,MB W 111 KEBO SM,0,0,0,1,0,0,1,1
,2,MB PULLMAN Mr. ILHAM,20:00,8:00,0:00,0:00,0:00,0:00,0:00,0:00,0:00,0:00,0:00,0:00,0:00,0:00,0:00,0:00,20:00,8:00,,"Selasa, 30 Juni 2026",514:02,,,BMW 530 I Mr. MARTHIN,0,0,0,0,0,0,0,0,,BMW 530 I Mr. MARTHIN,8,0,0,0,0,2,10,0,,BMW 530 I Mr. MARTHIN,3,0,0,0,0,0,3,0
,3,BMW 750 IL BARU Mr. STANLEY,0:00,0:00,0:00,0:00,0:00,0:00,0:00,0:00,0:00,0:00,0:00,0:00,0:00,0:00,0:00,0:00,0:00,0:00,,TOTAL,13239:23,,,BMW 750 IL BARU Mr. STANLEY,0,0,0,0,0,0,0,0,,BMW 750 IL BARU Mr. STANLEY,0,0,0,0,0,0,0,0,,BMW 750 IL BARU Mr. STANLEY,0,0,0,0,0,0,0,0
,4,BMW 750 IL LAMA Mr. STANLEY,0:00,0:00,0:00,0:00,0:00,3:00,,0:00,0:00,0:00,0:00,0:00,0:00,0:00,0:00,0:00,0:00,3:00,,,,,,BMW 750 IL LAMA Mr. STANLEY,0,0,0,0,0,0,0,0,,BMW 750 IL LAMA Mr. STANLEY,0,0,0,0,0,0,0,0,,BMW 750 IL LAMA Mr. STANLEY,0,0,1,0,0,0,1,1
,5,FIAT MULTIPLA Mr. JOKO,500:00,706:27,400:00,766:34,350:00,749:23,350:00,407:42,100:00,151:40,0:00,119:11,0:00,0:00,0:00,0:00,1700:00,2900:57,,PERSENTASE,,,,HONDA CR-V Mr. MARTHIN,0,0,0,0,0,0,0,0,,HONDA CR-V Mr. MARTHIN,0,0,0,0,0,0,0,0,,HONDA CR-V Mr. MARTHIN,1,0,0,0,0,0,1,0
,6,HONDA CR-V Mr. MARTHIN,50:00,9:15,0:00,0:00,0:00,0:00,0:00,0:00,0:00,0:00,0:00,0:00,0:00,0:00,0:00,0:00,50:00,9:15,,MARGIN,82%,,,HONDA N360 Mr. ERIC,0,0,0,0,0,0,0,0,,HONDA N360 Mr. ERIC,0,0,0,0,0,0,0,0,,HONDA N360 Mr. ERIC,0,0,0,0,0,0,0,0
,7,HONDA N360 Mr. ERIC,0:00,0:00,0:00,0:00,0:00,0:00,0:00,0:00,0:00,0:00,0:00,0:00,0:00,0:00,0:00,0:00,0:00,0:00,,NON MARGIN,"160,6%",,,KIJANG SM,0,1,1,0,0,0,2,0,,KIJANG SM,1,0,0,0,0,0,1,0,,KIJANG SM,2,0,0,0,0,0,2,0
,8,KIJANG BIRU Mr. MARTHIN,0:00,0:00,0:00,0:00,0:00,0:00,0:00,0:00,0:00,0:00,0:00,0:00,0:00,0:00,0:00,0:00,0:00,0:00,,,,,,MB E320 NEW EYES Mr. MARTHIN,0,0,0,0,0,0,0,0,,MB E320 NEW EYES Mr. MARTHIN,0,0,0,0,0,0,0,0,,MB E320 NEW EYES Mr. MARTHIN,0,0,0,0,0,0,0,0
,9,KIJANG SM,50:00,18:10,0:00,4:00,0:00,1:00,0:00,0:00,0:00,0:00,0:00,0:00,0:00,0:00,0:00,0:00,50:00,23:10,,,,,,MB W111 KEBO Mr. PRAM,0,0,0,0,0,0,0,0,,MB W111 KEBO Mr. PRAM,0,0,0,0,0,0,0,0,,MB W111 KEBO Mr. PRAM,0,0,0,4,0,0,4,4
,10,MB E320 NEW EYES Mr. MARTHIN,0:00,0:00,0:00,1:30,0:00,0:00,0:00,0:00,0:00,0:00,0:00,0:00,0:00,0:00,0:00,0:00,0:00,1:30,,,,,,VW BEETLE Mr. RICHARD,0,0,0,0,0,0,0,0,,VW BEETLE Mr. RICHARD,0,0,0,0,0,0,0,0,,VW BEETLE Mr. RICHARD,0,0,0,0,0,0,0,0
,11,MB R 230 Mr. STANLEY,20:00,59:02,10:00,10:30,65:00,85:01,0:00,32:55,0:00,0:00,0:00,0:00,0:00,2:30,0:00,0:00,95:00,189:58,,,,,,PORSCHE 944 Mr. PRAM,12,0,0,1,0,0,13,8,,PORSCHE 944 Mr. PRAM,4,0,0,1,0,0,5,3,,PORSCHE 944 Mr. PRAM,16,1,3,1,0,0,21,7
,12,MB W 111 KEBO SM,0:00,0:00,50:00,57:13,0:00,3:00,0:00,31:35,0:00,0:00,0:00,0:00,0:00,0:00,0:00,0:00,50:00,91:48,,,,,,MB 290 GD Mr. ANDREW,7,2,11,0,0,0,20,15,,MB 290 GD Mr. ANDREW,9,0,8,0,0,0,17,14,,MB 290 GD Mr. ANDREW,2,2,1,0,0,0,5,2
,13,MB W111 KEBO Mr. PRAM,0:00,7:50,0:00,0:00,0:00,1:00,0:00,57:36,0:00,0:00,0:00,0:00,0:00,0:00,0:00,0:00,0:00,66:26,,,,,,,,,,,,,,,,,,,,,,,,,,,,,,,,,,
,14,MB W124 E320 SPORTLINE Mr. MARTHIN,100:00,152:43,100:00,63:14,100:00,26:00,100:00,51:45,0:00,19:00,0:00,0:00,0:00,0:00,0:00,0:00,400:00,312:42,,,,,,,,,,,,,,,,,,,,,,,,,,,,,,,,,,
,15,MB E320 SPORTLINE HIJAU Mr. DIKO,0:00,4:00,0:00,0:00,0:00,0:00,0:00,0:00,0:00,0:00,0:00,0:00,0:00,0:00,0:00,0:00,0:00,4:00,,,,,,,,,,,,,,,,,,,,,,,,,,,,,,,,,,
,16,VW BEETLE Mr. RICHARD,0:00,0:00,0:00,0:00,0:00,0:00,0:00,0:00,0:00,0:00,0:00,0:00,0:00,0:00,0:00,0:00,0:00,0:00,,,,,,,,,,,,,,,,,,,,,,,,,,,,,,,,,,
,17,PORSCHE 944 Mr. PRAM,100:00,157:00,0:00,21:00,0:00,10:38,50:00,15:34,0:00,0:00,0:00,0:00,0:00,9:30,0:00,0:00,150:00,213:42,,,,,,,,,,,,,,,,,,,,,,,,,,,,,,,,,,
,18,TOYOTA MARK X Mr. MARTHIN,0:00,9:00,0:00,8:00,0:00,0:00,0:00,4:36,0:00,0:00,0:00,0:00,0:00,0:00,0:00,0:00,0:00,21:36,,,,,,,,,,,,,,,,,,,,,,,,,,,,,,,,,,
,19,RR Mr. STANLEY,0:00,16:22,0:00,0:00,0:00,0:00,0:00,0:00,0:00,0:00,0:00,0:00,0:00,0:00,0:00,0:00,0:00,16:22,,,,,,,,,,,,,,,,,,,,,,,,,,,,,,,,,,
,20,MB 290 GD Mr. ANDREW,0:00,68:48,0:00,21:49,0:00,47:08,0:00,0:00,0:00,0:00,0:00,0:00,0:00,0:00,0:00,0:00,0:00,137:45,,,,,,,,,,,,,,,,,,,,,,,,,,,,,,,,,,
,21,MB 280 GE Mr. ANDERSON,0:00,28:30,0:00,0:00,0:00,0:00,0:00,0:00,0:00,0:00,0:00,0:00,0:00,0:00,0:00,0:00,0:00,28:30,,,,,,,,,,,,,,,,,,,,,,,,,,,,,,,,,,
,22,BMW R35 Mr. HANDY,0:00,0:30,0:00,0:00,0:00,0:00,0:00,0:00,0:00,0:00,0:00,0:00,0:00,0:00,0:00,0:00,0:00,0:30,,,,,,,,,,,,,,,,,,,,,,,,,,,,,,,,,,
,TOTAL JAM KERJA NON MARGIN,,,,,,,,,,,,,,,,,,2535:00,4071:47,-1536:47,,,,,,,,,,,,,,,,,,,,,,,,,,,,,,,,,
,TOTAL JAM KERJA MARGIN DAN NON MARGIN,,,,,,,,,,,,,,,,,,13239:23,,,,,,,,,,,,,,,,,,,,,,,,,,,,,,,,,,,