,,,,,,,,,,,,,,,,,,,
PILIH UNIT MOBIL DI SINI ➡️,PAGODA Mr. DIDI,,,,,,,,,,,,,,,,,,
,,,,,,,,,,,,,,,,,,,
,,,,,,,,,,,,,,,,,,,
,,,,,,,,,,,,,,,,,,,
,NO,KODE PART,BAGIAN /,NAMA PART,KONDISI,,,JUMLAH,LOKASI,TANGGAL,,KETERANGAN,FOTO,,,,,,
,,,PANEL,,BARU,READY,BEKAS,,,MASUK,KELUAR,,,,,,,,
,,,,,,,,,,,,,,,,,,,
,1,004-0001,INTERIOR,SUN VISOR RIGHT AND LEFT WITH MIRROR (54),FALSE,TRUE,FALSE,2 PCS,RT - C12,,,Keranjang 1,,,,,,,
,2,004-0002,INTERIOR,GRIP RAIL RIGHT FRONT ROOF RAIL (102),FALSE,TRUE,FALSE,1 PCS,RT - C12,,,,,,,,,,
,3,004-0003,INTERIOR,GRIP RAIL + GRIP RAIL REAR (109),FALSE,TRUE,FALSE,2 PCS,RT - C12,,,,,,,,,,
,4,004-0004,INTERIOR,ASHTRAY (77),FALSE,TRUE,FALSE,1 PCS,RT - C12,,,,,,,,,,
,5,004-0005,INTERIOR,INSIDE REARVIEW MIRROR INSIDE (6),FALSE,TRUE,FALSE,1 PCS,RT - C12,,,,,,,,,,
,6,005-0001,EXTERIOR,OUTSIDE REARVIEW MIRROR OUTSIDE LEFT (29),FALSE,TRUE,FALSE,1 PCS,RT - C12,,,,,,,,,,
,7,005-0002,EXTERIOR,OUTSIDE REARVIEW MIRROR OUTSIDE RIGHT (35),FALSE,TRUE,FALSE,1 PCS,RT - C12,,,,,,,,,,
,8,002-0001,UNDERCARIAGE,RESERVOIR TEVES (151),FALSE,TRUE,FALSE,1 PCS,RT - C9,,,Keranjang 1,,,,,,,
,9,002-0002,UNDERCARIAGE,SENDER UNIT FRONT SUPPLY CHAMBER (158),FALSE,TRUE,FALSE,4 PCS,RT - C9,,,Keranjang 1,,,,,,,
,10,002-0003,UNDERCARIAGE,CONNECTOR TEVES (153),FALSE,TRUE,FALSE,2 PCS,RT - C9,,,Keranjang 1,,,,,,,
,11,002-0004,UNDERCARIAGE,FILLER CAP (163),FALSE,TRUE,FALSE,2 PCS,RT - C9,,,Keranjang 1,,,,,,,
,12,002-0005,UNDERCARIAGE,FILLER CAP (155),FALSE,TRUE,FALSE,1 PCS,RT - C9,,,Keranjang 1,,,,,,,
,13,002-0006,UNDERCARIAGE,BRAKE BOOSTER  ASSEMBLY (116),FALSE,TRUE,FALSE,1 PCS,RT - C8,,,,,,,,,,
,14,002-0007,UNDERCARIAGE,STRAINER TEVES (152),FALSE,TRUE,FALSE,1 PCS,RT - C9,,,Keranjang 1,,,,,,,
,15,002-0008,UNDERCARIAGE,LINE,FALSE,TRUE,FALSE,5 PCS,RT - C9,,"15/04/2026
MAULANA",Keranjang 1,,,,,,,
,16,002-0009,UNDERCARIAGE,FLANGE (170),FALSE,TRUE,FALSE,2 PCS,RT - C9,,,Keranjang 1,,,,,,,
,17,002-0010,UNDERCARIAGE,RACHET ROD (280),FALSE,TRUE,FALSE,1 PCS,RT - C3,,,Keranjang 3,,,,,,,
,18,002-0011,UNDERCARIAGE,PIN BRAKE CABLE TO INTERMEDIATE LEVER (349),FALSE,TRUE,FALSE,1 PCS,RT - C3,,,Keranjang 3,,,,,,,
,19,002-0012,UNDERCARIAGE,BRAKE LEVER (409),FALSE,TRUE,FALSE,1 PCS,RT - C3,,,Keranjang 3,,,,,,,
,20,002-0013,UNDERCARIAGE,SCREW BRAKE READJUSTMENT (417),FALSE,TRUE,FALSE,1 PCS,RT - C3,,,Keranjang 3,,,,,,,
,21,002-0014,UNDERCARIAGE,BRAKE CABLE CENTRAL (397),FALSE,TRUE,FALSE,1 PCS,RT - C3,,,Keranjang 3,,,,,,,
,22,002-0015,UNDERCARIAGE,PAWL (289),FALSE,TRUE,FALSE,1 PCS,RT - C3,,,Keranjang 3,,,,,,,
,23,002-0016,UNDERCARIAGE,CLICH-BOLD (293),FALSE,TRUE,FALSE,1 PCS,RT - C3,,,Keranjang 3,,,,,,,
,24,001-0001,ENGINE,"OIL COOLER, AIR COOLING (35)",FALSE,TRUE,FALSE,1 PCS,RT - C17,,,,,,,,,,
,25,001-0002,ENGINE,HOSE (157),FALSE,TRUE,FALSE,1 PCS,RT - C25,,,,,,,,,,
,26,001-0003,ENGINE,HOSE (174),FALSE,TRUE,FALSE,1 PCS,RT - C25,,,,,,,,,,
,27,001-0004,ENGINE,Fan shroud,FALSE,TRUE,FALSE,1 PCS,RT - C,,,,,,,,,,
,28,001-0005,ENGINE,Hose (183),FALSE,TRUE,FALSE,1 PCS,RT - C25,,,,,,,,,,
,29,001-0006,ENGINE,FAN,FALSE,TRUE,FALSE,1 PCS,RT - C9,,,,,,,,,,
,30,001-0007,ENGINE,HOSE (24),FALSE,FALSE,TRUE,1 PCS,RT - C13,,,Keranjang 1,,,,,,,
,31,002-0017,UNDERCARIAGE,BRAKE SHOE (96),FALSE,FALSE,TRUE,4 PCS,RT - C13,,,Keranjang 1,,,,,,,
,32,003-0001,ELECTRICAL,IGNITION COIL (380),FALSE,TRUE,FALSE,1 PCS,RT - C4,,,,,,,,,,
,33,,ENGINE,SUPPRESSOR HOISING,FALSE,TRUE,FALSE,1 PCS,RT - C4,,,,,,,,,,
,34,,,,FALSE,TRUE,FALSE,1 PCS,RT - C4,,,,,,,,,,
,35,003-0002,ELECTRICAL,NEG CABLE (79),FALSE,TRUE,FALSE,1 PCS,RT - C4,,,,,,,,,,
,36,003-0003,ELECTRICAL,POSITIVE CABLE FROM BATTERY POS POLE TO STARTING,FALSE,FALSE,TRUE,1 PCS,RT - C4,,,,,,,,,,
,37,002-0018,UNDERCARIAGE,REPAIR KIT (61),FALSE,TRUE,FALSE,8 PCS,RT - C13,,,,,,,,,,
,38,001-0008,ENGINE,PISTON,FALSE,FALSE,TRUE,4 PCS,RT - C13,,,,,,,,,, 
,39,002-0019,UNDERCARIAGE,PROTECTIVE CAP (9),FALSE,TRUE,FALSE,1 PCS,RT - C13,,,,,,,,,,
,40,002-0020,UNDERCARIAGE,PROTECTIVE CAP (49),FALSE,TRUE,FALSE,2 PCS,RT - C13,,,,,,,,,,
,41,002-0021,UNDERCARIAGE,LOCK (23),FALSE,FALSE,TRUE,1 PCS,RT - C13,,,,,,,,,,
,42,001-0009,ENGINE,Gauge sender unit (57),FALSE,TRUE,FALSE,1 PCS,RT - C10,,,Keranjang 3,,,,,,,
,43,003-0004,ELECTRICAL,Flexible shaft (508),FALSE,TRUE,FALSE,1 PCS,RT - C11,,,Keranjang 2,,,,,,,
,44,003-0005,ELECTRICAL,Pipe line oil pressure gauge (408),FALSE,TRUE,FALSE,1 PCS,RT - C11,,,,,,,,,,
,45,003-0006,ELECTRICAL,,FALSE,TRUE,FALSE,2 PCS,RT - C11,,,Keranjang 2,,,,,,,
,46,003-0007,ELECTRICAL,Speedometer,FALSE,TRUE,FALSE,1 PCS,RT - C11,,,Keranjang 2,,,,,,,
,47,003-0008,ELECTRICAL,Tachometer transistorized Tachometer ,FALSE,TRUE,FALSE,1 PCS,RT - C11,,,Keranjang 2,,,,,,,
,48,003-0009,ELECTRICAL,Lamp socket (392),FALSE,TRUE,FALSE,1 PCS,RT - C11,,,Keranjang 2,,,,,,,
,49,003-0010,ELECTRICAL,temperature gauge centrigrade scale (349),FALSE,TRUE,FALSE,1 PCS,RT - C11,,,Keranjang 2,,,,,,,
,50,003-0011,ELECTRICAL,Button (219),FALSE,TRUE,FALSE,1 PCS,RT - C11,,,Keranjang 2,,,,,,,
,51,003-0012,ELECTRICAL,Clock,FALSE,TRUE,FALSE,1 PCS,RT - C11,,,Keranjang 2,,,,,,,
,52,003-0013,ELECTRICAL,Housing speedometer,FALSE,TRUE,FALSE,1 PCS,RT - C11,,,Keranjang 2,,,,,,,
,53,001-0010,ENGINE,Filler cup make huf (89),FALSE,TRUE,FALSE,1 PCS,RT - C17,,,,,,,,,,
,54,003-0013,ELECTRICAL,Housing instrument cluster,FALSE,TRUE,FALSE,1 PCS,RT - C11,,,Keranjang 2,,,,,,,
,55,003-0014,ELECTRICAL,Connecting plate (333),FALSE,TRUE,FALSE,1 PCS,RT - C11,,,Keranjang 2,,,,,,,
,56,003-0015,ELECTRICAL,Potentiometer (328),FALSE,TRUE,FALSE,1 PCS,RT - C11,,,Keranjang 2,,,,,,,
,57,001-0011,ENGINE,distributor cap ,FALSE,TRUE,FALSE,1 PCS,RT - C4,,,Keranjang 3,,,,,,,
,58,001-0012,ENGINE,Ignition cable (110),FALSE,TRUE,FALSE,9 PCS,RT - C4,,,Keranjang 3,,,,,,,
,59,001-0013,ENGINE,protective cap (131),FALSE,TRUE,FALSE,8 PCS,RT - C4,,,Keranjang 3,,,,,,,
,60,001-0014,ENGINE,suppressor plug (128),FALSE,TRUE,FALSE,8 PCS,RT - C4,,,Keranjang 3,,,,,,,
,61,001-0015,ENGINE,vacuum box (20),FALSE,TRUE,FALSE,1 PCS,RT - C4,,,Keranjang 3,,,,,,,
,62,001-0016,ENGINE,lever (62),FALSE,TRUE,FALSE,1 PCS,RT - C4,,,Keranjang 3,,,,,,,
,63,001-0017,ENGINE,Pulse generator (23),FALSE,TRUE,FALSE,1 PCS,RT - C4,,,Keranjang 3,,,,,,,
,64,001-0018,ENGINE,distributor (11),FALSE,TRUE,FALSE,1 PCS,RT - C4,,,Keranjang 3,,,,,,,
,65,001-0019,ENGINE,Ignition distributor (5),FALSE,TRUE,FALSE,1 PCS,RT - C4,,,Keranjang 3,,,,,,,
,66,001-0020,ENGINE,cap (14),FALSE,TRUE,FALSE,1 PCS,RT - C4,,,Keranjang 3,,,,,,,
,67,001-0021,ENGINE,condenser (29),FALSE,TRUE,FALSE,1 PCS,RT - C4,,,Keranjang 3,,,,,,,
,68,001-0022,ENGINE,bracket (164),FALSE,TRUE,FALSE,2 PCS,RT - C4,,,Keranjang 3,,,,,,,
,69,001-0023,ENGINE,spark plug,FALSE,TRUE,FALSE,9 PCS,RT - C4,,,Keranjang 3,,,,,,,
,70,003-0016,ELECTRICAL,lens fron (orange),FALSE,TRUE,FALSE,2 PCS,RT - C11,,,Keranjang 1,,,,,,,
,71,003-0017,ELECTRICAL,lens red rear,FALSE,TRUE,FALSE,2 PCS,RT - C11,,,Keranjang 1,,,,,,,
,72,003-0018,ELECTRICAL,relay (404),FALSE,TRUE,FALSE,1 PCS,RT - C11,,,Keranjang 1,,,,,,,
,73,003-0019,ELECTRICAL,spring,FALSE,TRUE,FALSE,4 PCS,RT - C11,,,Keranjang 1,,,,,,,
,74,003-0020,ELECTRICAL,Relay (406),FALSE,TRUE,FALSE,1 PCS,RT - C11,,,Keranjang 1,,,,,,,
,75,004-0006,INTERIOR,handle plafon (135),FALSE,TRUE,FALSE,2 PCS,RT - C12,,,Keranjang 2,,,,,,,
,76,004-0007,INTERIOR,Handwheel,FALSE,TRUE,FALSE,4 PCS,RT - C5,,,,,,,,,,
,77,005-0003,EXTERIOR,Handle left door (143),FALSE,TRUE,FALSE,1 PC,RT - 12,,,Keranjang 2,,,,,,,
,78,001-0024,ENGINE,Connecting rod bearing parts kit (17),FALSE,TRUE,FALSE,1 SET,RT - C1,,,,,,,,,,
,79,001-0025,ENGINE,Piston standard (26),FALSE,TRUE,FALSE,1 SET,RT - C1,,,,,,,,,,
,80,004-0008,INTERIOR,Covering at lower part right backrest adjuster,FALSE,TRUE,FALSE,2 PCS,RT - B28,,,,,,,,,,
,81,004-0009,INTERIOR,Covering at upper part right backrest adjuster ,FALSE,TRUE,FALSE,2 PCS ,RT - B28,,,,,,,,,,
,82,004-0010,INTERIOR,Covering at upper part left backrest adjuster ,FALSE,TRUE,FALSE,2 PCS,RT - B28,,,,,,,,,,
,83,004-0011,INTERIOR,Covering at lower part right backerst adjuster,FALSE,TRUE,FALSE,2 PCS,RT - B28,,,,,,,,,,
,84,001-0026,ENGINE,"Piston ring parts kit, standard",FALSE,TRUE,FALSE,1 SET,RT - C1,,,,,,,,,,
,85,001-0027,ENGINE,Reservoir (14),FALSE,TRUE,FALSE,1 PC,RT - C3,,,Keranjang 1,,,,,,,
,86,001-0028,ENGINE,Filter element (8),FALSE,TRUE,FALSE,1 PC,RT - C36,,,,,,,,,,
,87,001-0029,ENGINE,Shaft (41),FALSE,TRUE,FALSE,1 PC,RT - C4,,,Keranjang 3,,,,,,,
,89,001-0030,ENGINE,Reinforcement rear (27),FALSE,TRUE,FALSE,1 PCS,RT - C10,,,Keranjang 3,,,,,,,
,90,001-0031,ENGINE,Reinforcement front (31),FALSE,TRUE,FALSE,1 PCS,RT - C10,,,Keranjang 3 ,,,,,,,
,91,004-0017,ELECTRICAL,Wiper rubber 330mm (80),FALSE,FALSE,TRUE, 2 PCS,RT - C10,,,Keranjang 2,,,,,,,
,92,003-0018,ELECTRICAL,Wiper blade (78),FALSE,FALSE,TRUE,2 PCS,RT - C10,,,Keranjang 2,,,,,,,
,93,003-0019,ELECTRICAL,Wiper arm right,FALSE,FALSE,TRUE,1 PCS ,RT - C10,,,Keranjang 2,,,,,,,
,94,003-0020,ELECTRICAL,Wiper arm left,FALSE,FALSE,TRUE,1 PCS,RT - C10,,,Keranjang 2,,,,,,,
,95,003-0021,ELECTRICAL,Linkage (52),FALSE,TRUE,FALSE,1 PCS,RT -C10,,,,,,,,,,
,96,,,Plate (25),FALSE,FALSE,TRUE,1 PCS,RT - C10,,,Keranjang 2,,,,,,,
,97,002-0022,UNDERCARIAGE,- (487),FALSE,TRUE,FALSE,1 PCS,RT - C35,,,Keranjang 2,,,,,,,
,98,002-0023,UNDERCARIAGE,- (490),FALSE,TRUE,FALSE,1 PCS,RT - C35,,,Keranjang 2,,,,,,,
,99,001-0032,ENGINE,Fuel strainer (36),FALSE,FALSE,TRUE,1 PCS,RT - C10,,,Keranjang 3,,,,,,,
,100,001-0033,ENGINE,Seal ring (42),FALSE,FALSE,TRUE,1 PCS,RT - C10,,,Keranjang 3,,,,,,,
,101,001-0034,ENGINE,Thermostat (35),FALSE,TRUE,FALSE,1 PCS,RT - C25,,,,,,,,,,
,102,001-0035,ENGINE,Cover (44),FALSE,FALSE,TRUE,1 PCS,RT - C25,,,,,,,,,,
,103,001-0036,ENGINE,Flange (32),FALSE,FALSE,TRUE,1 PCS,RT - C28,,,,,,,,,,
,104,001-0037,ENGINE,Water pump range of delivery (5),FALSE,FALSE,TRUE,1 PCS,RT - C28,,,,,,,,,,
,105,001-0038,ENGINE,Impeller (25),FALSE,FALSE,TRUE,1 PCS,RT - C28,,,,,,,,,,
,106,001-0039,ENGINE,Injection nozzle (35),FALSE,TRUE,FALSE,8 PCS,RT - C4,,,Keranjang 1,,,,,,,
,107,001-0040,ENGINE,Pressure regulator (176),FALSE,TRUE,FALSE,1 PCS,RT - C4,,,Keranjang 1,,,,,,,
,108,001-0041,ENGINE,Guide (50),FALSE,TRUE,FALSE,8 PCS,RT - C4,,,Keranjang 1,,,,,,,
,109,001-0042,ENGINE,Gasket cylinder head cover to cylinder head,FALSE,FALSE,TRUE,2 PCS,RT - C35,,,Keranjang 2,,,,,,,
,110,001-0043,ENGINE,Bracket (44),FALSE,FALSE,TRUE,8 PCS,RT - C4,,,Keranjang 1,,,,,,,
,111,001-0044,ENGINE,Cylinder head gasket right,FALSE,FALSE,TRUE,1 PCS,RT - C4,,,,,,,,,,
,112,001-0045,ENGINE,V-belt altenator,FALSE,FALSE,TRUE,1 PCS,RT - C35,,,Keranjang 2,,,,,,,
,113,001-0046,ENGINE,Clamp (14),FALSE,TRUE,FALSE,7 PCS,RT - C4,,,Keranjang 1,,,,,,,
,114,001-0047,ENGINE,Operating handle distributor to nozzle,FALSE,TRUE,FALSE,4 PCS,RT - C35,,,Keranjang 2,,,,,,,
,115,001-0048,ENGINE,Boot (140),FALSE,TRUE,FALSE,1 PC,RT - C4,,,Keranjang 1,,,,,,,
,116,004-0012,INTERIOR,Link (250),FALSE,TRUE,FALSE,1 PC,RT - C5,,,,,,,,,,
,117,001-0049,ENGINE,nozzle starting valve (204),FALSE,TRUE,FALSE,1 PC,RT - C4,,,Keranjang 1,,,,,,,
,118,001-0050,ENGINE,Bracket (14),FALSE,TRUE,FALSE,1 PC,RT - C35,,,Keranjang 2,,,,,,,
,119,001-0051,ENGINE,Roller chain,FALSE,TRUE,FALSE,1 PC,RT - C4,,,Keranjang 1,,,,,,,
,120,001-0052,ENGINE,Spring (101),FALSE,TRUE,FALSE,1 PC,RT - C4,,,Keranjang 1,,,,,,,
,121,001-0053,ENGINE,Drive gear,FALSE,TRUE,FALSE,1 PC,RT - C4,,,Keranjang 1,,,,,,,
,122,001-0054,ENGINE,valves ,FALSE,TRUE,FALSE,8 PCS,RT - C1,,,,,,,,,,
,123,001-0055,ENGINE,Oil pump,FALSE,TRUE,FALSE,1 PC,RT - C4,,,Keranjang 1,,,,,,,
,124,001-0056,ENGINE,"Cover crankshaft sealing,rear",FALSE,TRUE,FALSE,1 PC,RT - C4,,,Keranjang 1,,,,,,,
,125,001-0057,ENGINE,"Seal ring crankshaft sealing,rear",FALSE,TRUE,FALSE,1 PC,RT - C4,,,Keranjang 1,,,,,,,
,126,001-0058,ENGINE,Protective plate,FALSE,TRUE,FALSE,1 PC,RT - C4,,,Keranjang 1,,,,,,,
,127,001-0059,ENGINE,Gasket (197),FALSE,TRUE,FALSE,1 PC,RT - C4,,,Keranjang 1,,,,,,,
,128,001-0060,ENGINE,Screw (188),FALSE,TRUE,FALSE,9 PCS,RT - C4,,,Keranjang 1,,,,,,,
,129,001-0061,ENGINE,Washer (191),FALSE,TRUE,FALSE,7 PCS,RT - C4,,,Keranjang 1,,,,,,,
,130,001-0062,ENGINE,Hose (23),FALSE,FALSE,TRUE,2 PCS,RT - C4,,,Keranjang 1,,,,,,,
,131,001-0063,ENGINE,Hose (97),FALSE,FALSE,TRUE,3 PCS,RT - C4,,,Keranjang 1,,,,,,,
,132,001-0064,ENGINE,Intermediate gear,FALSE,TRUE,FALSE,1 PCS,RT - C11,,,Keranjang 3,,,,,,,
,133,001-0065,ENGINE,Camshaft gear,FALSE,TRUE,FALSE,2 PCS,RT - C11,,,Keranjang 3,,,,,,,
,134,001-0066,ENGINE,Chain tightener range of delivery,FALSE,TRUE,FALSE,1 PCS,RT - C11,,,Keranjang 3,,,,,,,
,135,001-0067,ENGINE,,FALSE,FALSE,TRUE,3 PCS,RT - C11,,,Keranjang 3,,,,,,,
,136,001-0068,ENGINE,Sliding rail (59),FALSE,TRUE,FALSE,1 PCS,RT - C11,,,Keranjang 3,,,,,,,
,137,001-0069,ENGINE,Sliding rail (68),FALSE,FALSE,TRUE,1 PCS,RT - C11,,,Keranjang 3,,,,,,,
,138,001-0070,ENGINE,Sliding rail (41),FALSE,TRUE,FALSE,1 PCS,RT - C11,,,Keranjang 3,,,,,,,
,139,001-0071,ENGINE,Rubber lining,FALSE,FALSE,TRUE,1 PCS,RT - C11,,,Keranjang 3,,,,,,,
,140,001-0072,ENGINE,Roller chain with lock,FALSE,TRUE,FALSE,1 PCS,RT - C11,,,Keranjang 3,,,,,,,
,141,001-0073,ENGINE,Gasket (47),FALSE,FALSE,TRUE,8 PCS,RT - C13,,,,,,,,,,
,142,001-0074,ENGINE,Rod (59),FALSE,TRUE,FALSE,1 PCS,RT - C13,,,,,,,,,,
,143,002-0024,UNDERCARIAGE,"Switch,automatic",FALSE,TRUE,FALSE,1 PCS,RT - C35,,,Keranjang 2,,,,,,,
,144,002-0025,UNDERCARIAGE,-602,FALSE,TRUE,FALSE,1 PCS,RT - C35,,,Keranjang 2,,,,,,,
,145,003-0023,ELECTRICAL,Cable connector,FALSE,FALSE,TRUE,1 PCS,RT - C11,,,,,,,,,,
,146,004-0013,INTERIOR,Glove compartment,FALSE,FALSE,TRUE,1 PCS,RT - C35,,,Keranjang 2,,,,,,,
,147,001-0075,ENGINE,Screw (23),FALSE,TRUE,FALSE,2 PCS,RT - C11,,,,,,,,,,
,148,001-0076,ENGINE,Spring washer (29),FALSE,TRUE,FALSE,2 PCS,RT - C11,,,,,,,,,,
,149,001-0077,ENGINE,Washer (26),FALSE,TRUE,FALSE,2 PCS,RT - C11,,,,,,,,,,
,150,005-0004,EXTERIOR,Engine hood release cable,FALSE,TRUE,FALSE,1 PCS,RT - C13,,,Keranjang 3,,,,,,,
,151,,,Shaft (115),FALSE,TRUE,FALSE,1 PCS,RT - C20,,,,,,,,,,
,152,,,Accelerator pedal,FALSE,TRUE,FALSE,1 PCS,RT - C20,,,,,,,,,,
,153,005-0005,EXTERIOR,Pin (178),FALSE,TRUE,FALSE,1 PCS,RT - C13,,,,,,,,,,
,154,005-0006,EXTERIOR,Safety hook (194),FALSE,TRUE,FALSE,1 PCS,RT - C13,,,,,,,,,,
,155,005-0007,EXTERIOR,Handle (176),FALSE,TRUE,FALSE,1 PCS,RT - C13,,,,,,,,,,
,156,001-0078,ENGINE,Pin (104),FALSE,TRUE,FALSE, 8 PCS,RT - C11,,,Keranjang 3,,,,,,,
,157,001-0079,ENGINE,clamp pipe line mounting (212),FALSE,TRUE,FALSE,4 PCS,RT - C10,,"15/04/2026
MAULANA",Keranjang 3,,,,,,,
,158,001-0080,ENGINE,Damping strip line mounting ,FALSE,TRUE,FALSE,1 PCS,RT - C10,,"15/04/2026
MAULANA",Keranjang 3,,,,,,,
,159,001-0080,ENGINE,Hose 20 mm pipe line mounting  ,FALSE,TRUE,FALSE,9 PCS,RT - C10,,"15/04/2026
MAULANA",Keranjang 3,,,,,,,
,160,001-0081,ENGINE,Screw (56),FALSE,TRUE,FALSE,8 PCS,RT - C4,,,Keranjang 1,,,,,,,
,161,001-0082,ENGINE,Clamp fuel and brake lines to frame floor unit,FALSE,TRUE,FALSE,4 PCS,RT - C10,,"15/04/2026
MAULANA",Keranjang 3,,,,,,,
,162,001-0083,ENGINE,Gasket (12),FALSE,FALSE,TRUE,1 PCS,RT - C10,,,Keranjang 3,,,,,,,
,163,001-0084,ENGINE,Locking cap   ,TRUE,FALSE,FALSE,1 PCS,RT - C10,,,Keranjang 3,,,,,,,
,164,001-0085,ENGINE,Ring gear (47),FALSE,FALSE,TRUE,1 PCS,RT - C37,,,,,,,,,,
,165,001-0086,ENGINE,Follower (56),FALSE,FALSE,TRUE,1 PCS,RT - C37,,,,,,,,,,
,166,001-0087,ENGINE,Hub (37),FALSE,TRUE,FALSE,1 PCS,RT - C37,,,,,,,,,,
,167,001-0088,ENGINE,Disc spring (20),FALSE,TRUE,FALSE,4 PCS,RT - C37,,,,,,,,,,
,168,001-0089,ENGINE,Alternator,FALSE,TRUE,FALSE,1 PCS,RT - C26,,,,,,,,,,
,169,001-0090,ENGINE,Bracket starting cable ,FALSE,TRUE,FALSE,1 PCS,RT - C26,,,,,,,,,,
,170,001-0091,ENGINE,Nut (44),FALSE,TRUE,FALSE,1 PCS,RT - C26,,,,,,,,,,
,171,001-0092,ENGINE,Cover timing case cover,FALSE,TRUE,FALSE,1 PCS,RT - C25,,,,,,,,,,
,172,001-0093,ENGINE,Starting motor,FALSE,TRUE,FALSE,1 PCS,RT - C26,,,,,,,,,,
,173,001-0094,ENGINE,Exhaust manifold  ,FALSE,TRUE,FALSE,1 PCS,RT - C28,,,,,,,,,,
,174,001-0095,ENGINE,Air cleaner,FALSE,TRUE,FALSE,1 PCS,RT - C26,,,,,,,,,,
,175,001-0096,ENGINE,Pulley (29),FALSE,TRUE,FALSE,1 PCS,RT - C26,,,,,,,,,,
,176,001-0097,ENGINE,Vibration absorber (260,FALSE,TRUE,FALSE,1 PCS,RT - C26,,,,,,,,,,
,177,002-0026,UNDERCARIAGE,Rear spring,FALSE,TRUE,FALSE,2 PCS,RT - C30,,,,,,,,,,
,178,001-0098,ENGINE,camshaft right (8),FALSE,TRUE,FALSE,1 PCS,RT - C29,,,,,,,,,,
,179,001-0099,ENGINE,camshaft left,FALSE,TRUE,FALSE,1 PCS,RT - C29,,,,,,,,,,
,180,001-0100,ENGINE,repair kit camshaft bearings,FALSE,TRUE,FALSE,1 PCS,RT - C29,,,,,,,,,,
,181,002-0027,UNDERCARIAGE,propeler shaft ,FALSE,TRUE,FALSE,1 PCS,RT - C30,,,,,,,,,,
,182,002-0028,UNDERCARIAGE,propeler shaft rear,FALSE,TRUE,FALSE,1 PCS,RT - C30,,,,,,,,,,
,183,001-0101,ENGINE,Intake assy,FALSE,TRUE,FALSE,1 PCS,RT - C34,,,,,,,,,,
,184,001-0102,ENGINE,bracket (161),FALSE,FALSE,TRUE,2 PCS,RT - C34,,,,,,,,,,
,185,001-0103,ENGINE,filler cap (11),FALSE,TRUE,FALSE,1 PCS,RT - C27,,,,,,,,,,
,186,001-0104,ENGINE,cylinder head cover right ,FALSE,TRUE,FALSE,1 PCS,RT - C27,,,,,,,,,,
,187,001-0105,ENGINE,cylinder head cover left ,FALSE,TRUE,FALSE,1 PCS,RT - C27,,,,,,,,,,
,188,001-0106,ENGINE,fitting (17),FALSE,TRUE,FALSE,1 PCS,RT - C27,,,,,,,,,,
,189,001-0107,ENGINE,bracket (41),FALSE,TRUE,FALSE,1 PCS,RT - C27,,,,,,,,,,
,190,001-0108,ENGINE,dashpot (128),FALSE,TRUE,FALSE,1 PCS,RT - C5,,,,,,,,,,
,191,001-0109,ENGINE,bracket (149),FALSE,TRUE,FALSE,1 PCS,RT - C5,,,,,,,,,,
,192,001-0110,ENGINE,double fitting (131),FALSE,TRUE,FALSE,1 PCS,RT - C5,,,,,,,,,,
,193,001-0111,ENGINE,oil filter,FALSE,TRUE,FALSE,1 PCS,RT - C28,,,,,,,,,,
,194,001-0112,ENGINE,filter element up to a reading of 1000 km,FALSE,TRUE,FALSE,1 PCS,RT - C28,,,,,,,,,,
,195,001-0113,ENGINE,oil pan  ,FALSE,TRUE,FALSE,1 PCS,RT - C33,,,,,,,,,,
,196,001-0114,ENGINE,guide tube,FALSE,TRUE,FALSE,1 PCS,RT - C33,,,,,,,,,,
,197,002-0029,UNDERCARIAGE,Screw (89),FALSE,TRUE,FALSE,2 PCS,RT - C13,,,,,,,,,,
,198,002-0030,UNDERCARIAGE,Spring (113),FALSE,TRUE,FALSE,2 PCS,RT - C13,,,,,,,,,,
,199,002-0031,UNDERCARIAGE,Spring (109),FALSE,TRUE,FALSE,2 PCS,RT - C13,,,,,,,,,,
,200,002-0032,UNDERCARIAGE,Protective plate,FALSE,TRUE,FALSE,2 PCS,RT - C37,,,,,,,,,,
,201,001-0115,ENGINE,Bracket (358),FALSE,TRUE,FALSE,1 PCS,RT - C10,,,Keranjang 3 ,,,,,,,
,202,001-0116,ENGINE,Clamp (416),FALSE,TRUE,FALSE,1 PCS,RT - C10,,"15/04/2026
MAULANA",Keranjang 3 ,,,,,,,
,203,001-0117,ENGINE,Bracket rear (310),FALSE,TRUE,FALSE,1 PCS,RT - C10,,,Keranjang 3 ,,,,,,,
,204,001-0118,ENGINE,Bracket front (318),FALSE,TRUE,FALSE,1 PCS,RT - C10,,,Keranjang 3 ,,,,,,,
,205,001-0119,ENGINE,Bracket (398),FALSE,FALSE,TRUE,1 PCS,RT - C10,,,Keranjang 3 ,,,,,,,
,206,003-0024,ELECTRICAL,Electric motor,FALSE,TRUE,FALSE,1 PCS,RT - C10,,,Keranjang 2,,,,,,,
,207,002-0033,UNDERCARIAGE,Contact plate,FALSE,TRUE,FALSE,1 PCS,RT - C26,,,,,,,,,,
,208,002-0034,UNDERCARIAGE,contact ring,FALSE,TRUE,FALSE,1 PCS,RT - C26,,,,,,,,,,
,209,002-0035,UNDERCARIAGE,Bracket (674),FALSE,TRUE,FALSE,1 PCS,RT - C26,,,,,,,,,,
,210,002-0036,UNDERCARIAGE,-624,FALSE,TRUE,FALSE,1 PCS,RT - C26,,,,,,,,,,
,211,004-0014,INTERIOR,panelling instrument panel top left,FALSE,TRUE,FALSE,1 PCS,RT - C12,,,,,,,,,,
,212,004-0015,INTERIOR,Panelling Instrument Panel Top Right  ,FALSE,TRUE,FALSE,1 PCS,RT - C24,,,,,,,,,,
,213,005-0008,EXTERIOR,door check (258),FALSE,TRUE,FALSE,2 PCS,RT - C12,,,Keranjang 1,,,,,,,
,214,005-0009,EXTERIOR,plate door check (247),FALSE,TRUE,FALSE,2 PCS,RT - C12,,,Keranjang 1,,,,,,,
,215,005-0010,EXTERIOR,door locking device (127),FALSE,FALSE,TRUE,2 PCS,RT - C12,,,Keranjang 1,,,,,,,
,216,005-0011,EXTERIOR,Plate (269),FALSE,TRUE,FALSE,1 PCS,RT - C12,,,Keranjang 1,,,,,,,
,217,005-0012,EXTERIOR,shim door lock 1mm (159),FALSE,TRUE,FALSE,1 PCS,RT - C12,,,Keranjang 1,,,,,,,
,218,005-0013,EXTERIOR,Rod (55),FALSE,TRUE,FALSE,2 PCS,RT - C9,,,Keranjang 1,,,,,,,
,219,005-0014,EXTERIOR,door locking device right ,FALSE,TRUE,FALSE,1 PCS,RT - C9,,,Keranjang 1,,,,,,,
,220,001-0120,ENGINE,Seal Oil Filter  ,FALSE,TRUE,FALSE,1 PCS,RT - C21,,,,,,,,,,
,221,005-0015,EXTERIOR,door locking device left,FALSE,TRUE,FALSE,1 PCS,RT - C9,,,Keranjang 1,,,,,,,
,222,005-0016,EXTERIOR,Interior Handle Assembly Right & Left (165),FALSE,TRUE,FALSE,2 SET,RT - C12,,,Keranjang 1,,,,,,,
,223,001-0121,ENGINE,reinforcement (298),FALSE,TRUE,FALSE,1 PCS,RT - C27,,,,,,,,,,
,224,001-0122,ENGINE,Rubber ring,FALSE,TRUE,FALSE,1 PCS,RT - C27,,,,,,,,,,
,225,001-0123,ENGINE,Protective plate,FALSE,TRUE,FALSE,1 PCS,RT - C27,,,,,,,,,,
,226,001-0123,ENGINE,Gasket (47),FALSE,TRUE,FALSE,8 PCS,RT - C21,,,,,,,,,,
,227,002-0037,UNDERCARIAGE,Ball bearing,FALSE,TRUE,FALSE,2 PCS,RT - C21,,,,,,,,,,
,228,002-0038,UNDERCARIAGE,Protective cap (141),FALSE,TRUE,FALSE,2 PCS,RT - C21,,,,,,,,,,
,229,002-0039,UNDERCARIAGE,Washer (50),FALSE,TRUE,FALSE,1 PCS,RT - C21,,,,,,,,,,
,230,001-0124,ENGINE,Cylinder head gasket left/right,FALSE,TRUE,FALSE,1 PCS,RT - C27,,,,,,,,,,
,231,005-0017,EXTERIOR,angle crank operated window (418),FALSE,TRUE,FALSE,4 PCS,RT - C12,,,Keranjang 1,,,,,,,
,232,004-0016,INTERIOR,Hose (213),FALSE,FALSE,TRUE,4 PCS,RT - C3,,,Keranjang 1,,,,,,,
,233,005-0018,EXTERIOR,Connection right,FALSE,TRUE,FALSE,1 PCS,RT - C12,,,Keranjang 1,,,,,,,
,234,005-0019,EXTERIOR,Connection left,FALSE,TRUE,FALSE,1 PCS,RT - C12,,,Keranjang 1,,,,,,,
,235,005-0020,EXTERIOR,Mounting bottom (290),FALSE,TRUE,FALSE,2 PCS,RT - C12,,,Keranjang 1,,,,,,,
,236,001-0124,ENGINE,Fan drive,FALSE,FALSE,TRUE,1 PCS,RT - C25,,,,,,,,,,
,237,001-0125,ENGINE,Pulley fan/water pump,FALSE,TRUE,FALSE,1 PCS,RT - C26,,,,,,,,,,
,238,001-0126,ENGINE,Hose (239),FALSE,FALSE,TRUE,1 PCS,RT - C9,,,Keranjang 1,,,,,,,
,239,001-0127,ENGINE,Pipe blow,FALSE,TRUE,FALSE,1 PCS,RT - C21,,,,,,,,,,
,240,001-0128,ENGINE,Hose (17),FALSE,TRUE,FALSE,1 PCS,RT - C9,,,Keranjang 1,,,,,,,
,241,001-0129,ENGINE,Hose (14),FALSE,TRUE,FALSE,1 PCS,RT - C9,,,Keranjang 1,,,,,,,
,242,001-0130,ENGINE,V-belt,FALSE,FALSE,TRUE,1 PCS,RT - C5,,,,,,,,,,
,243,,,346,FALSE,TRUE,FALSE,1 PCS,RT - C17,,,,,,,,,,
,244,,,344,FALSE,TRUE,FALSE,1 PCS,RT - C17,,,,,,,,,,
,245,,,323,FALSE,TRUE,FALSE,1 PCS,RT - C17,,,,,,,,,,
,246,,,324,FALSE,TRUE,FALSE,1 PCS,RT - C33,,,,,,,,,,
,247,,,Wire spiral from operating lever to air duct,FALSE,TRUE,FALSE,2 PCS,RT - C21,,,,,,,,,,
,248,002-0040,UNDERCARIAGE,Shock absorber,FALSE,FALSE,TRUE,2 PCS,RT - C18,,,,,,,,,,
,249,005-0021,EXTERIOR,pad (77),FALSE,FALSE,TRUE,1 PCS,RT - C12,,,Keranjang 1,,,,,,,
,250,001-0131,ENGINE,boot (143),FALSE,TRUE,FALSE,1 PCS,RT - C4,,,Keranjang 1,,,,,,,
,251,001-0132,ENGINE,Hose (24),FALSE,FALSE,TRUE,1 PCS,RT - C3,,,Keranjang 1,,,,,,,
,252,005-0022,EXTERIOR,rubber buffer front (182),FALSE,TRUE,FALSE,6 PCS,RT - C12,,,Keranjang 1,,,,,,,
,253,005-0024,EXTERIOR,Handle (427),FALSE,TRUE,FALSE,1 PCS,RT - C32,,,,,,,,,,
,254,005-0025,EXTERIOR,Ornamental cover bottom right,FALSE,TRUE,FALSE,1 PCS,RT - C3,,,,,,,,,,
,255,005-0026,EXTERIOR,Ornamental cover right / Left,FALSE,TRUE,FALSE,2 PCS,RT - C12,,,Keranjang 1,,,,,,,
,256,005-0027,EXTERIOR,ornamental cover bottom left,FALSE,TRUE,FALSE,1 PCS,RT - C3,,,,,,,,,,
,257,005-0028,EXTERIOR,wiper blade,FALSE,FALSE,TRUE,1 PCS,RT - C10,,,,,,,,,,
,258,005-0029,EXTERIOR,Wiper rubber 330 mm,FALSE,FALSE,TRUE,1 PCS,RT - C10,,,,,,,,,,
,259,005-0030,EXTERIOR,Covering (399),FALSE,TRUE,FALSE,1 PCS,RT - C12,,,Keranjang 1,,,,,,,
,260,004-0017,INTERIOR,Steering wheel,FALSE,TRUE,FALSE,1 PCS,RT - C2,,,,,,,,,,
,261,004-0018,INTERIOR,Pad (701),FALSE,TRUE,FALSE,1 PCS,RT - C2,,,,,,,,,,
,262,004-0019,INTERIOR,Housing instruments,FALSE,TRUE,FALSE,1 PCS,RT - C32,,,,,,,,,,
,263,003-0025,ELECTRICAL,Horn,FALSE,TRUE,FALSE,2 PCS,RT - C4,,,,,,,,,,
,264,003-0026,ELECTRICAL,neg. Cable ,FALSE,TRUE,FALSE,2 PCS,RT - C4,,,,,,,,,,
,265,003-0027,ELECTRICAL,mounting frame,FALSE,TRUE,FALSE,1 PCS,RT - C4,,,,,,,,,,
,266,,,grommet (211),FALSE,TRUE,FALSE,3 PCS,RT - C4,,,,,,,,,,
,267,004-0031,EXTERIOR,instrument panel two part,FALSE,TRUE,FALSE,1 PCS,RT - C32,,,,,,,,,,
,268,004-0032,EXTERIOR,covering loadspeaker,FALSE,TRUE,FALSE,1 PCS,RT - C32,,,,,,,,,,
,269,004-0033,EXTERIOR,glove compartment lid ,FALSE,TRUE,FALSE,1 PCS,RT - C32,,,,,,,,,,
,270,004-0034,EXTERIOR,panelling central ,FALSE,TRUE,FALSE,1 PCS,RT - C32,,,,,,,,,,
,271,004-0035,EXTERIOR,lining,FALSE,TRUE,FALSE,1 PCS,RT - C24,,,,,,,,,,
,272,004-0036,EXTERIOR,shell tray between the front seats,FALSE,TRUE,FALSE,1 PCS,RT - C24,,,,,,,,,,
,273,003-0028,ELECTRICAL,clamp (189),FALSE,TRUE,FALSE,1 PCS,RT - C4,,,,,,,,,,
,274,002-0041,UNDERCARIAGE,rubber mounting ,FALSE,FALSE,TRUE,2 PCS,RT - C21,,,,,,,,,,
,275,002-0042,UNDERCARIAGE,rubber mounting with clamping plate,FALSE,FALSE,TRUE,1 PCS,RT - C21,,,,,,,,,,
,276,002-0043,UNDERCARIAGE,seal ring (571),FALSE,FALSE,TRUE,1 PCS,RT - C21,,,,,,,,,,
,277,002-0044,UNDERCARIAGE, boot (636),FALSE,FALSE,TRUE,1 PCS,RT - C21,,,,,,,,,,
,278,002-0045,UNDERCARIAGE, boot (611),FALSE,FALSE,TRUE,1 PCS,RT - C21,,,,,,,,,,
,279,002-0046,UNDERCARIAGE,rubber mounting (371),FALSE,FALSE,TRUE,2 PCS,RT - C21,,,,,,,,,,
,280,002-0047,UNDERCARIAGE,clamp rear axle housing  ,FALSE,TRUE,FALSE,1 PCS,RT - C21,,,,,,,,,,
,281,002-0048,UNDERCARIAGE,screw (324),FALSE,TRUE,FALSE,4 PCS,RT - C21,,,,,,,,,,
,282,002-0049,UNDERCARIAGE,spring washer (334),FALSE,TRUE,FALSE,3 PCS,RT - C21,,,,,,,,,,
,283,001-0132,ENGINE,fuel pump electric,FALSE,TRUE,FALSE,1 PCS,RT - C10,,,Keranjang 3,,,,,,,
,284,001-0133,ENGINE,filter fuel,FALSE,TRUE,FALSE,1 PCS,RT - C10,,,Keranjang 3,,,,,,,
,285,,,pipe (343),FALSE,TRUE,FALSE,1 PCS,RT - C5,,,,,,,,,,
,286,001-0134,ENGINE,switch automatic ,FALSE,FALSE,TRUE,1 PCS,RT - C4,,,Keranjang 1,,,,,,,
,287,001-0135,ENGINE,rocker arm ,FALSE,TRUE,FALSE,16 PCS,RT - C5,,,,,,,,,,
,288,001-0136,ENGINE,spring,FALSE,TRUE,FALSE,16 PCS,RT - C5,,,,,,,,,,
,289,001-0137,ENGINE,thrust washer,FALSE,TRUE,FALSE,16 PCS,RT - C5,,,,,,,,,,
,290,004-0020,INTERIOR,GLOVE COMPARTMENT  ,FALSE,TRUE,FALSE,1 PCS,RT - C20,,,,,,,,,,
,291,005-0037,EXTERIOR,Ventilator window right/left,FALSE,TRUE,FALSE,1 PCS,RT - B29,,,,,,,,,,
,292,005-0038,EXTERIOR,outer moulding,FALSE,TRUE,FALSE,1 PCS,RT - C8,,,,,,,,,,
,293,001-0138,ENGINE, repair kit (80),FALSE,TRUE,FALSE,1 PCS,RT - C3,,,Keranjang 1,,,,,,,
,294,001-0139,ENGINE,bracket engine support to frame floor unit,FALSE,TRUE,FALSE,2 PCS,RT - C3,,,Keranjang 1,,,,,,,
,295,001-0140,ENGINE, support,FALSE,TRUE,FALSE,1 PCS,RT - C3,,,Keranjang 1,,,,,,,
,296,001-0141,ENGINE, engine support rear,FALSE,TRUE,FALSE,1 PCS,RT - C26,,,,,,,,,,
,297,001-0142,ENGINE,repair kit (252),FALSE,FALSE,TRUE,1 PCS,RT - C3,,,Keranjang 1,,,,,,,
,298,003-0029,ELECTRICAL,bracket (74),FALSE,TRUE,FALSE,1 PCS,RT - C10,,,Keranjang 3,,,,,,,
,299,003-0030,ELECTRICAL,bracket (259),FALSE,TRUE,FALSE,1 PCS,RT - C10,,,Keranjang 3 ,,,,,,,
,300,003-0031,ELECTRICAL,bracket ,FALSE,TRUE,FALSE,1 PCS,RT - C10,,,Keranjang 3 ,,,,,,,
,301,003-0032,ELECTRICAL, switch (301),FALSE,TRUE,FALSE,1 PCS,RT - C10,,,,,,,,,,
,302,001-0143,ENGINE,clamp (146),FALSE,TRUE,FALSE,3 PCS,RT - C10,,,Keranjang 3,,,,,,,
,303,002-0050,UNDERCARIAGE,repair kit shock absorber ,FALSE,FALSE,TRUE,4 PCS,RT - C21,,,,,,,,,,
,304,001-0144,ENGINE,guide (47),FALSE,FALSE,TRUE,4 PCS,RT - C4,,,,,,,,,,
,305,005-0039,EXTERIOR,WINDOW CRANK Mechanism Opener,FALSE,TRUE,FALSE,2 PCS,RT - C21,,,,,,,,,,
,306,,,,FALSE,TRUE,FALSE,2 PCS,RT - C12,,,,,,,,,,
,307,,,,FALSE,TRUE,FALSE,1 PCS,RT - C4,,,,,,,,,,
,308,003-0033,ELECTRICAL,cap (195),FALSE,TRUE,FALSE,1 PCS,RT - C10,,,Keranjang 3,,,,,,,
,309,001-0145,ENGINE,repair kit radiator mounting,FALSE,TRUE,FALSE,1 PCS,RT - C10,,,Keranjang 2,,,,,,,
,310,004-0021,INTERIOR,grill dashboard,FALSE,TRUE,FALSE,1 PCS,RT - C17,,,,,,,,,,
,311,004-0022,INTERIOR,wood panel frame kaca depan atas r dan l,FALSE,TRUE,FALSE,2 PCS,RT - C31,,,,,,,,,,
,312,001-0146,ENGINE,vacuum one way,FALSE,TRUE,FALSE,1 PCS,RT - C9,,,,,,,,,,
,313,005-0040,EXTERIOR,karet rel kaca pintu,FALSE,FALSE,TRUE,1 PCS,RT - C16,,,,,,,,,,
,314,004-0023,INTERIOR, wood panel dashboard belakang,FALSE,TRUE,FALSE,1 PCS,RT - C31,,,,,,,,,,
,315,001-0147,ENGINE,bracket kompresor ac,FALSE,TRUE,FALSE,1 PCS,RT - C22,,,,,,,,,,
,316,004-0024,INTERIOR,rangka headrest,FALSE,TRUE,FALSE,2 PCS,RT - C20,,,,,,,,,,
,317,003-0051,UNDERCARIAGE,Hawa gardan,FALSE,TRUE,FALSE,2 PCS,RT - C22,,,,,,,,,,
,318,002-0052,UNDERCARIAGE,cover baut shockbreaker blk,FALSE,TRUE,FALSE,2 PCS,RT - C22,,,,,,,,,,
,319,001-0148,ENGINE,Baut tensioner+pully tensioner kompresor ac,FALSE,TRUE,FALSE,6 PCS,RT - C22,,,,,,,,,,
,320,003-0034,ELECTRICAL,switch di bawah switch pintu,FALSE,TRUE,FALSE,2 PCS,RT - C22,,,,,,,,,,
,321,001-0149,ENGINE,naple selang bensin ,FALSE,TRUE,FALSE,6 PCS,RT - C22,,,,,,,,,,
,322,004-0025,INTERIOR,Sambungan karet pintu ,FALSE,FALSE,TRUE,1 PCS,RT - C22,,,,,,,,,,
,323,002-0053,UNDERCARIAGE,Mur knuckle,FALSE,TRUE,FALSE,9 PCS,RT - C22,,,,,,,,,,
,324,002-0054,UNDERCARIAGE,Karey shock mounting,FALSE,TRUE,FALSE,6 PCS,RT - C22,,,,,,,,,,
,325,005-0041,EXTERIOR,Stoper regulator kaca,FALSE,TRUE,FALSE,3 PCS,RT - C22,,,,,,,,,,
,326,002-0055,UNDERCARIAGE,Cover bracket shock absorber depan bagian atas,FALSE,FALSE,TRUE,2 PCS,RT - C22,,,,,,,,,,
,327,005-0042,EXTERIOR, Lock pintu,FALSE,TRUE,FALSE,2 PCS,RT - C22,,,,,,,,,,
,328,005-0043,EXTERIOR,Sekrup pembuka kap mesin,FALSE,TRUE,FALSE,2 PCS,RT - C22,,,,,,,,,,
,329,005-0044,EXTERIOR,bracket regulator kaca samping belakang R,FALSE,TRUE,FALSE,2 PCS,RT - C2,,,,,,,,,,
,330,001-0150,ENGINE,Gas linkage,FALSE,TRUE,FALSE,9 PCS,RT - C22,,,,,,,,,,
,331,003-0035,ELECTRICAL,saklar blower ac,FALSE,TRUE,FALSE,1 PCS,RT - C22,,,,,,,,,,
,332,003-0036,ELECTRICAL,clamp kabel part belas penyimpanan ,FALSE,FALSE,TRUE,1 KTG,RT - C22,,,,,,,,,,
,333,004-0026,INTERIOR,wood panel console box ,FALSE,TRUE,FALSE,1 PCS,RT - C31,,,,,,,,,,
,334,003-0037,ELECTRICAL,radio,FALSE,TRUE,FALSE,1 PCS,RT - C18,,,,,,,,,,
,335,001-0152,ENGINE,Seal ring (92),FALSE,TRUE,FALSE,2 PCS,RT - C22,,,,,,,,,,
,336,002-0056,UNDERCARIAGE,Bushing (53),FALSE,TRUE,FALSE,2 PCS,RT - C22,,,,,,,,,,
,337,002-0057,UNDERCARIAGE, Rubber buffer (77),FALSE,FALSE,TRUE,4 PCS,RT - C22,,,,,,,,,,
,338,,,Rubber mounting,FALSE,FALSE,TRUE,1 PCS,RT - C22,,,,,,,,,,
,339,001-0153,ENGINE, Hose (168),FALSE,FALSE,TRUE,2 PCS,RT - C22,,,,,,,,,,
,340,001-0154,ENGINE,Water pump range of delivery,FALSE,TRUE,FALSE,1 PCS,RT - C22,,,,,,,,,,
,341,004-0027,INTERIOR,perangkat safety belt ,FALSE,TRUE,FALSE,1 SET,RT - C21,,,,,,,,,,
,342,004-0028,INTERIOR, footstep ,FALSE,FALSE,TRUE,2 PCS,RT - C16,,,,,,,,,,
,343,004-0029,INTERIOR,moulding kaca belakang samping ,FALSE,TRUE,FALSE,2 PCS,RT - C31,,,,,,,,,,
,344,001-0155,ENGINE, pipa vacum modulasi matic ,FALSE,TRUE,FALSE,1 PCS,RT - C16,,,,,,,,,,
,345,004-0030,INTERIOR,Panelling bottom left,FALSE,TRUE,FALSE,1 PCS,RT - C24,,,,,,,,,,
,346,001-0156,ENGINE,bracket extra fan,FALSE,TRUE,FALSE,2 PCS,RT - C22,,,,,,,,,,
,347,004-0031,INTERIOR,Panelling bottom right,FALSE,TRUE,FALSE,1 PCS,RT - C31,,,,,,,,,,
,348,001-0157,ENGINE,Perangkat idle steer,FALSE,TRUE,FALSE,10 PCS,RT - C22,,,,,,,,,,
,349,004-0032,INTERIOR, Part jok bagian L,FALSE,TRUE,FALSE,1 PCS,RT - C22,,,,,,,,,,
,350,001-0158,ENGINE,Claim selang air dan bensin,FALSE,FALSE,TRUE,26 PCS,RT - C22,,,,,,,,,,
,351,002-0058,UNDERCARIAGE,Karet per gardan ,FALSE,FALSE,TRUE,2 PCS,RT - C22,,,,,,,,,,
,352,002-0059,UNDERCARIAGE,Bushing pedal,FALSE,FALSE,TRUE,2 PCS,RT - C22,,,,,,,,,,
,353,003-0038,ELECTRICAL,Boot soket kabel engine,FALSE,FALSE,TRUE,5 PCS,RT - C22,,,,,,,,,,
,354,005-0045,EXTERIOR,Karet kaca segitiga,FALSE,FALSE,TRUE,1 KTG,RT - C22,,,,,,,,,,
,355,002-0039,UNDERCARIAGE,As idle steer,FALSE,TRUE,FALSE,1 PCS,RT - C22,,,,,,,,,,
,356,001-0159,ENGINE,Gasket rumah filter udara,FALSE,FALSE,TRUE,1 PCS,RT - C22,,,,,,,,,,
,357,002-0040,UNDERCARIAGE,Both wheel cylinder,FALSE,TRUE,FALSE,4 PCS,RT - C22,,,,,,,,,,
,358,001-0160,ENGINE,Engine mounting,FALSE,FALSE,TRUE,2 PCS,RT - C22,,,,,,,,,,
,359,005-0046,EXTERIOR,Bracket kaca segitiga,FALSE,TRUE,FALSE,1 PCS,RT - C22,,,,,,,,,,
,360,004-0033,INTERIOR,cover right r.l,FALSE,TRUE,FALSE,1 PCS,RT - C17,,,,,,,,,,
,361,,,Bosh klep ,FALSE,FALSE,TRUE,14 PCS,RT - C22,,,,,,,,,,
,362,005-0047,EXTERIOR,Dudukan lampu plat nomor,FALSE,TRUE,FALSE,1 PCS,RT - C22,,,,,,,,,,
,363,005-0048,EXTERIOR,Tiang kaca samping belakang,FALSE,TRUE,FALSE,1 PCS,RT - C33,,,,,,,,,,
,364,002-0059,UNDERCARIAGE,plat kampas rem belakang,FALSE,TRUE,FALSE,2 PCS,RT - C22,,,,,,,,,,
,365,001-0161,ENGINE,Selang reservoir radiator,FALSE,TRUE,FALSE,1 PCS,RT - C22,,,,,,,,,,
,366,001-0162,ENGINE,Slang intake manifold,FALSE,TRUE,FALSE,1 PCS,RT - C22,,,,,,,,,,
,367,001-0163,ENGINE,Gasket dop engine,FALSE,TRUE,FALSE,3 PCS,RT - C22,,,,,,,,,,
,368,001-0164,ENGINE,Slang intake manifold,FALSE,FALSE,TRUE,1 PCS,RT - C22,,,,,,,,,,
,369,003-0040,ELECTRICAL,Bracket kabel body,FALSE,TRUE,FALSE,1 PCS,RT - C22,,,,,,,,,,
,370,004-0034,INTERIOR,Potongan lis pelipit kaca,FALSE,FALSE,TRUE,1 PCS,RT - C22,,,,,,,,,,
,371,004-0035,INTERIOR,Cover speaker,FALSE,TRUE,FALSE,2 PCS,RT - C32,,,,,,,,,,
,372,003-0041,ELECTRICAL,Speaker,FALSE,TRUE,FALSE,2 PCS,RT - C35,,,,,,,,,,
,373,001-0165,ENGINE,Bushing klep,FALSE,TRUE,FALSE,7 PCS,RT - C6,,,,,,,,,,
,374,001-0166,ENGINE,Bracket pompa power steering,FALSE,TRUE,FALSE,1 PCS,RT - C6,,,,,,,,,,
,375,001-0167,ENGINE,Water pump (176),FALSE,FALSE,TRUE,1 PCS,RT - C6,,,,,,,,,,
,376,002-0060,UNDERCARIAGE,Karet arm belakang,FALSE,FALSE,TRUE,1 PCS,RT - C6,,,,,,,,,,
,377,005-0049,EXTERIOR,Per stang wiper,FALSE,FALSE,TRUE,2 PCS,RT - C6,,,,,,,,,,
,378,001-0168,ENGINE,Stoper cap motor,FALSE,FALSE,TRUE,2 PCS,RT - C6,,,,,,,,,,
,379,003-0042,ELECTRICAL,Saklar lampu jauh dekat,FALSE,TRUE,FALSE,1 PCS,RT - C6,,,,,,,,,,
,380,002-0061,UNDERCARIAGE,O ring dudukan gardan,FALSE,FALSE,TRUE,5 PCS,RT - C6,,,,,,,,,,
,381,001-0169,ENGINE,Baut fly wheel,FALSE,TRUE,FALSE,8 PCS,RT - C6,,,,,,,,,,
,382,002-0062,UNDERCARIAGE,Packing dudukan katrol rem tangan,FALSE,FALSE,TRUE,1 PCS,RT - C6,,,,,,,,,,
,383,002-0063,UNDERCARIAGE,Release spring per pegangan kanvas rem,FALSE,FALSE,TRUE,1 PCS,RT - C6,,,,,,,,,,
,384,001-0170,ENGINE,Diaphragma pressure damper Oli,FALSE,FALSE,TRUE,1 PCS,RT - C6,,,,,,,,,,
,385,001-0171,ENGINE,Intake manifold pressure sensor,FALSE,TRUE,FALSE,1 PCS,RT - C6,,,,,,,,,,
,386,,,,FALSE,TRUE,FALSE,1 PCS,RT - C6,,,,,,,,,,
,387,,,,FALSE,TRUE,FALSE,1 PCS,RT - C6,,,,,,,,,,
,388,,,,FALSE,TRUE,FALSE,4 PCS,RT - C6,,,,,,,,,,
,389,,,,FALSE,TRUE,FALSE,10 PCS,RT - C6,,,,,,,,,,
,390,004-0036,INTERIOR,Cover perseneling matic,FALSE,TRUE,FALSE,1 PCS,RT - C13,,,,,,,,,,
,391,004-0037,INTERIOR,Perangkat asbak,FALSE,TRUE,FALSE,4 PCS,RT - C13,,,,,,,,,,
,392,004-0038,INTERIOR,,FALSE,FALSE,TRUE,2 PCS,RT - C35,,,,,,,,,,
,393,004-0039,INTERIOR,laci dashboard,FALSE,TRUE,FALSE,2 PCS,RT - C35,,,,,,,,,,
,394,,,,FALSE,TRUE,FALSE,1 PCS,RT - C35,,,,,,,,,,
,395,005-0050,EXTERIOR,Per spion tengah,FALSE,TRUE,FALSE,3 PCS,RT - C35,,,,,,,,,,
,396,003-0043,ELECTRICAL,Valve (16),FALSE,TRUE,FALSE,1 PCS,RT - C3,,,Keranjang 1,,,,,,,
,397,003-0044,ELECTRICAL,Reading lamp,FALSE,TRUE,FALSE,1 PCS,RT - C10,,,Keranjang 1,,,,,,,
,398,003-0045,ELECTRICAL,,FALSE,TRUE,FALSE,1 PCS,RT - C10,,,Keranjang 1,,,,,,,
,399,003-0046,ELECTRICAL,Reading lamp at roof front rall,FALSE,TRUE,FALSE,1 PCS,RT - C10,,,Keranjang 1,,,,,,,
,400,003-0047,ELECTRICAL,Reading lamp,FALSE,TRUE,FALSE,1 PCS,RT - C10,,,Keranjang 1,,,,,,,
,401,003-0048,ELECTRICAL,Contactor,FALSE,TRUE,FALSE,2 PCS,RT - C10,,,Keranjang 1,,,,,,,
,402,003-0049,ELECTRICAL, Lens,FALSE,TRUE,FALSE,4 PCS,RT - B31,,,,,,,,,,
,403,001-0172,ENGINE,diaphragm,FALSE,TRUE,FALSE,1 PCS,RT - C4,,,,,,,,,,
,404,004-0040,INTERIOR,Mounting (69),FALSE,TRUE,FALSE,2 PCS,RT - C12,,,,,,,,,,
,405,002-0064,UNDERCARIAGE,repair kit wheel bearing ,FALSE,TRUE,FALSE,4 PCS,RT - C19,,,Keranjang 1,,,,,,,
,406,,,115,FALSE,TRUE,FALSE,1 PCS,RT - C20,,,,,,,,,,
,407,,,7,FALSE,TRUE,FALSE,1 PCS,RT - C20,,,,,,,,,,
,408,005-0051,EXTERIOR,Lis kisi kisi grill depan horizontal,FALSE,TRUE,FALSE,8 PCS,RT - B31,,,,,,,,,,
,409,005-0052,EXTERIOR,Kisi kisi grill depan vertical,FALSE,TRUE,FALSE,1 PCS,RT - B31,,,,,,,,,,
,410,005-0053,EXTERIOR,Mercedes star,FALSE,TRUE,FALSE,1 PCS,RT - B30,,,,,,,,,,
,411,005-0054,EXTERIOR,retaining,FALSE,TRUE,FALSE,2 PCS,RT - B31,,,,,,,,,,
,412,005-0055,EXTERIOR,window regulator rail,FALSE,TRUE,FALSE,2 PCS,RT - B26,,,,,,,,,,
,413,005-0056,EXTERIOR,Window guide left rear,FALSE,FALSE,TRUE,1 PCS,RT - B28,,,,,,,,,,
,414,005-0067,EXTERIOR,Window guide right rear,FALSE,FALSE,TRUE,1 PCS,RT - B28,,,,,,,,,,
,415,005-0058,EXTERIOR,Seal right,FALSE,TRUE,FALSE,2 PCS,RT - B28,,,,,,,,,,
,416,005-0059,EXTERIOR,Pad right rear under door handles (242),FALSE,FALSE,TRUE,2 PCS,RT - B12,,,Keranjang 1,,,,,,,
,417,005-0060,EXTERIOR,Pad right front under door handles (237),FALSE,FALSE,TRUE,2 PCS,RT - B21,,,Keranjang 1,,,,,,,
,418,005-0061,EXTERIOR,door handle right and left ,FALSE,TRUE,FALSE,2 PCS,RT - B30,,,,,,,,,,
,419,005-0062,EXTERIOR,Escutcheon right ,FALSE,TRUE,FALSE,1 PCS,RT - B30,,,,,,,,,,
,420,005-0063,EXTERIOR,Escutcheon left,FALSE,TRUE,FALSE,1 PCS,RT - B30,,,,,,,,,,
,421,005-0064,EXTERIOR,ornamental cover bottom right,FALSE,TRUE,FALSE,1 PCS,RT - B30,,,,,,,,,,
,422,005-0065,EXTERIOR,Edging right,FALSE,TRUE,FALSE,1 PCS,RT - B30,,,,,,,,,,
,423,004-0041,INTERIOR,Signal ring,FALSE,TRUE,FALSE,1 PCS,RT - B27,,,,,,,,,,
,424,005-0066,EXTERIOR,Mercedes star,FALSE,TRUE,FALSE,1 PCS,RT - B30,,,,,,,,,,
,425,005-0067,EXTERIOR,Handle (112),FALSE,TRUE,FALSE,1 PCS,RT - B30,,,,,,,,,,
,426,005-0068,EXTERIOR,Fastener Less key,FALSE,TRUE,FALSE,1 PCS,RT - B30,,,,,,,,,,
,427,005-0069,EXTERIOR,Wiper arm RH / LH,FALSE,TRUE,FALSE,2 PCS,RT - B30,,,,,,,,,,
,428,004-0042,INTERIOR,,FALSE,TRUE,FALSE,1 PCS,RT - B27,,,,,,,,,,
,429,004-0043,INTERIOR,Crank right and left front,FALSE,TRUE,FALSE,2 PCS,RT - B30,,,,,,,,,,
,430,005-0070,EXTERIOR, joint cover garnish moulding,FALSE,TRUE,FALSE,1 PCS,RT - B30,,,,,,,,,,
,431,005-0071,EXTERIOR,Ventilator window right/left (2860,FALSE,TRUE,FALSE,2 PCS,RT - B28,,,,,,,,,,
,432,005-0072,EXTERIOR,grille,FALSE,TRUE,FALSE,1 PCS,RT - B31,,,,,,,,,,
,433,,,perangkat transmisi dan pipa matic,FALSE,TRUE,FALSE,1 SET,RT - C19,,,Keranjang 3,,,,,,,
,434,002-0065,UNDERCARIAGE,  Dumper knalpot,FALSE,FALSE,TRUE,1 PCS,RT - C19,,,,,,,,,,
,435,002-0066,UNDERCARIAGE,Seal kaliper,FALSE,FALSE,TRUE,4 PCS,RT - C19,,,Keranjang 1 ,,,,,,,
,436,001-0173,ENGINE,selang pembuangan reservoir radiator ,FALSE,TRUE,FALSE,1 PCS,RT - C19,,,Keranjang 1,,,,,,,
,437,,,baut perangkat Steering ,FALSE,TRUE,FALSE,1 KTG,RT - C19,,,Keranjang 1,,,,,,,
,438,,,Gromet bul head,FALSE,TRUE,FALSE,1 KTG,RT - C19,,,Keranjang 1,,,,,,,
,439,002-0067,UNDERCARIAGE,bracket pipa bagian kolong,FALSE,TRUE,FALSE,1 KTG,RT - C19,,"15/04/2026
MAULANA",Keranjang 1,,,,,,,
,440,,,braket fuel tank,FALSE,FALSE,TRUE,1 KTG,RT - C19,,,Keranjang 1,,,,,,,
,441,002-0068,UNDERCARIAGE,bracket kabel rem tangan,FALSE,TRUE,FALSE,1 PCS,RT - C19,,,Keranjang 1 ,,,,,,,
,442,,,Seal dan oring km,FALSE,FALSE,TRUE,1 KTG,RT - C19,,,Keranjang 1,,,,,,,
,443,,,cover peredam panas idle arm,FALSE,TRUE,FALSE,1 PCS,RT - C19,,,Keranjang 1,,,,,,,
,444,002-0069,UNDERCARIAGE, gasket knalpot,FALSE,TRUE,FALSE,1 PCS,RT - C19,,,Keranjang 1,,,,,,,
,445,002-0070,UNDERCARIAGE, bracket pipa rem di lantai kolong,FALSE,TRUE,FALSE,2 PCS,RT - C19,,"15/04/2026
MAULANA",Keranjang 1,,,,,,,
,446,005-0073,EXTERIOR,mur bumper,FALSE,TRUE,FALSE,4 PCS,RT - C19,,,Keranjang 1 ,,,,,,,
,447,003-0050,ELECTRICAL, bracket bracket kabel,FALSE,TRUE,FALSE,1 KTG,RT - C19,,,Keranjang 1 ,,,,,,,
,448,003-0051,ELECTRICAL,bracket socket kable,FALSE,TRUE,FALSE,1 KTG,RT - C19,,,Keranjang 1,,,,,,,
,449,001-0174,ENGINE,selenoid cold start injector,FALSE,TRUE,FALSE,1 PCS,RT - C19,,,Keranjang 1 ,,,,,,,
,450,001-0175,ENGINE,switch extra fan ,FALSE,TRUE,FALSE,1 PCS,RT - C19,,,Keranjang 1,,,,,,,
,451,003-0052,ELECTRICAL,bracket FOGLAMP depan,FALSE,TRUE,FALSE,1 PCS,RT - C19,,,Keranjang 1,,,,,,,
,452,001-0176,ENGINE, tutup pengisian oli ,FALSE,FALSE,TRUE,1 PCS,RT - C19,,,Keranjang 1,,,,,,,
,453,002-0071,UNDERCARIAGE, tutup resercoir rem,FALSE,TRUE,FALSE,2 PCS,RT - C19,,,Keranjang 1,,,,,,,
,454,003-0053,ELECTRICAL,socket lampu ruang mesin,FALSE,TRUE,FALSE,2 PCS,RT - C19,,,Keranjang 1 ,,,,,,,
,455,003-0054,ELECTRICAL,Karet dudukan rellay,FALSE,TRUE,FALSE,1 PCS,RT - C19,,,Keranjang 1,,,,,,,
,456,003-0055,ELECTRICAL,Thermostat ac,FALSE,TRUE,FALSE,1 PCS,RT - C19,,,Keranjang 1,,,,,,,
,457,002-0072,UNDERCARIAGE,Kepala claiman booth gardan,FALSE,TRUE,FALSE,1 KTG,RT - C19,,,Keranjang 1,,,,,,,
,458,,, part bekas penyimpanan ,FALSE,FALSE,TRUE,1 KTG,RT - C19,,,,,,,,,,
,459,001-0177,ENGINE,Naple fuel pump,FALSE,TRUE,FALSE,1 PCS,RT - C19,,,Keranjang 1,,,,,,,
,460,001-0178,ENGINE,Selongsong slang power steering,FALSE,TRUE,FALSE,2 PCS,RT - C19,,,Keranjang 1,,,,,,,
,461,001-0179,ENGINE,Kleman pipa,FALSE,FALSE,TRUE,1 KTG,RT - C19,,"15/04/2026
MAULANA",,,,,,,,
,462,001-0180,ENGINE,bracket pompa power steering ,FALSE,TRUE,FALSE,2 PCS,RT - C19,,,Keranjang 3,,,,,,,
,463,003-0056,ELECTRICAL,motor washer ,FALSE,TRUE,FALSE,1 PCS,RT - C19,,,Keranjang 3,,,,,,,
,464,,,selang selang vacum,FALSE,TRUE,FALSE,8 PCS,RT - C19,,,Keranjang 3,,,,,,,
,465,,,dop body,FALSE,TRUE,FALSE,3 PCS,RT - C19,,,Keranjang 3,,,,,,,
,466,004-0044,INTERIOR,karet stoper laci dashboard ,TRUE,FALSE,FALSE,1 KTG,RT - C19,,,Keranjang 3,,,,,,,
,467,005-0074,EXTERIOR,komponen spion ,FALSE,TRUE,FALSE,1 KTG,RT - C19,,,Keranjang 3,,,,,,,
,468,004-0045,INTERIOR,kancing lis body,FALSE,TRUE,FALSE,1 KTG,RT - C19,,,Keranjang 3,,,,,,,
,469,,,dop body 32,FALSE,TRUE,FALSE,2 PCS,RT - C19,,,Keranjang 3,,,,,,,
,470,,,dop body 10mm,FALSE,TRUE,FALSE,4 PCS,RT - C19,,,Keranjang 3,,,,,,,
,471,002-0073,UNDERCARIAGE,seal input seal as roda blk,FALSE,FALSE,TRUE,1 KTG,RT - C19,,,Keranjang 3,,,,,,,
,472,,,stopper  tutup tangki,FALSE,TRUE,FALSE,2 PCS,RT - C19,,,Keranjang 3,,,,,,,
,473,,,"dop body 9,5",FALSE,TRUE,FALSE,2 PCS,RT - C19,,,Keranjang 3,,,,,,,
,474,,,gromet kabel body,FALSE,FALSE,TRUE,1 PCS,RT - C19,,,Keranjang 3,,,,,,,
,475,,,gromet kabel,FALSE,TRUE,FALSE,2 PCS,RT - C19,,,Keranjang 3,,,,,,,
,476,,,dop body 20,FALSE,TRUE,FALSE,26 PCS,RT - C19,,,Keranjang 3,,,,,,,
,477,,,gromet dan dop,FALSE,TRUE,FALSE,1 KTG,RT - C19,,,Keranjang 3,,,,,,,
,478,,,dumper knalpot ,TRUE,FALSE,FALSE,1 PCS,RT - C19,,,Keranjang 3,,,,,,,
,479,,, karet ablas tangki ,TRUE,FALSE,FALSE,1 PCS,RT - C19,,,Keranjang 3,,,,,,,
,480,,,dop body 18,FALSE,TRUE,FALSE,2 PCS,RT - C19,,,,,,,,,,
,481,,,dop body bagasi,FALSE,FALSE,TRUE,4 PCS,RT - C19,,,Keranjang 3,,,,,,,
,482,002-0074,UNDERCARIAGE, ring baut as roda  ,FALSE,FALSE,TRUE,2 PCS,RT - C19,,,Keranjang 3,,,,,,,
,483,004-0046,INTERIOR,tutup speedometer bekas ,FALSE,FALSE,TRUE,1 KTG,RT - C19,,,Keranjang 3,,,,,,,
,484,001-0180,ENGINE,Mur tanam ruang mesin,FALSE,TRUE,FALSE,1 KTG,RT - C19,,,Keranjang 1,,,,,,,
,485,004-0047,INTERIOR,Kaca spion tengah tambahann,FALSE,TRUE,FALSE,1 PCS,RT - B31,,,,,,,,,,
,486,,,,FALSE,TRUE,FALSE,1 PCS,RT - B31,,,,,,,,,,
,487,005-0074,EXTERIOR,Lis chrome lampu plat nomor ,FALSE,TRUE,FALSE,1 PCS,RT - B31,,,,,,,,,,
,488,004-0048,INTERIOR,Cover handle plafon LH/RH,FALSE,TRUE,FALSE,4 PCS,RT - B31,,,,,,,,,,
,489,005-0075,EXTERIOR,Grill depan,FALSE,TRUE,FALSE,1 PCS,RT - B37,,,,,,,,,,
,490,005-0075,EXTERIOR,,FALSE,TRUE,FALSE,2 PCS,RT - C39,,,,,,,,,,
,491,005-0076,EXTERIOR,,FALSE,TRUE,FALSE,1 PCS,RT - C39,,,,,,,,,,
,492,005-0077,EXTERIOR,Tanduk bumper belakang,FALSE,TRUE,FALSE,2 PCS,RT - C16,,,,,,,,,,
,493,004-0049,INTERIOR,,FALSE,TRUE,FALSE,2 PCS,RT - C28,,,,,,,,,,
,494,004-0050,INTERIOR,,FALSE,TRUE,FALSE,2 PCS,RT - B27,,,,,,,,,,
,495,004-0051,INTERIOR,Lis jam,FALSE,TRUE,FALSE,1 PCS,RT - B27,,,,,,,,,,
,496,004-0052,INTERIOR,,FALSE,TRUE,FALSE,1 PCS,RT - B27,,,,,,,,,,
,497,004-0053,INTERIOR,,FALSE,TRUE,FALSE,1 PCS,RT - B27,,,,,,,,,,
,498,004-0054,INTERIOR,Lis saklar bagian dashboard ,FALSE,TRUE,FALSE,1 PCS,RT - B27,,,,,,,,,,
,499,004-0055,INTERIOR,,FALSE,TRUE,FALSE,1 PCS,RT - B27,,,,,,,,,,
,500,004-0056,INTERIOR,,FALSE,TRUE,FALSE,2 PCS,RT - B27,,,,,,,,,,
,501,005-0078,EXTERIOR,Dudukan lock pintu ,FALSE,TRUE,FALSE,2 PCS,RT - B27,,,,,,,,,,
,502,005-0079,EXTERIOR,,FALSE,TRUE,FALSE,1 PCS,RT - B27,,,,,,,,,,
,503,004-0057,INTERIOR,Tiang spion tengah ,FALSE,TRUE,FALSE,1 PCS,RT - B27,,,,,,,,,,
,504,004-0058,INTERIOR,Joint cover ,FALSE,TRUE,FALSE,1 PCS,RT - B27,,,,,,,,,,
,505,005-0080,EXTERIOR,Rail front panel pillar RH/LH,FALSE,TRUE,FALSE,2 PCS,RT - B27,,,,,,,,,,
,506,004-0059,INTERIOR,,FALSE,TRUE,FALSE,1 PCS,RT - B27,,,,,,,,,,
,507,004-0060,INTERIOR,,FALSE,TRUE,FALSE,2 PCS,RT - B27,,,,,,,,,,
,508,004-0061,INTERIOR,,FALSE,TRUE,FALSE,1 PCS,RT - B27,,,,,,,,,,
,509,005-0081,EXTERIOR,,FALSE,TRUE,FALSE,2 PCS,RT - B27,,,,,,,,,,
,510,004-0062,INTERIOR,,FALSE,TRUE,FALSE,4 PCS,RT - B27,,,,,,,,,,
,511,004-0063,INTERIOR,,FALSE,TRUE,FALSE,2 PCS,RT - B28,,,,,,,,,,
,512,004-0064,INTERIOR,,FALSE,TRUE,FALSE,2 PCS,RT - B28,,,,,,,,,,
,513,004-0065,INTERIOR,Cover Hnadle,FALSE,TRUE,FALSE,1 PCS,RT - B28,,,,,,,,,,
,514,004-0066,INTERIOR,,FALSE,TRUE,FALSE,2 PCS,RT - B28,,,,,,,,,,
,515,004-0067,INTERIOR,,FALSE,TRUE,FALSE,2 PCS,RT - B28,,,,,,,,,,
,516,005-0082,EXTERIOR,,FALSE,TRUE,FALSE,2 PCS,RT - B18,,,,,,,,,,
,517,005-0083,EXTERIOR,Headlamp set,FALSE,TRUE,FALSE,2 PCS,RT - B18,,,,,,,,,,
,518,005-0084,EXTERIOR,Dudukan regulator kaca belakang ,FALSE,TRUE,FALSE,2 PCS,RT - B23,,,,,,,,,,
,519,,,,FALSE,TRUE,FALSE,2 PCS,CA - C28,,,,,,,,,,
,520,001-0181,ENGINE,,FALSE,TRUE,FALSE,1 PCS,CA - C28,,,,,,,,,,
,521,001-0182,ENGINE,Kondensor ,FALSE,TRUE,FALSE,1 PCS,CA - C28,,,,,,,,,,
,522,001-0183,ENGINE,Evaporator ,FALSE,TRUE,FALSE,1 PCS,CA - C28,,,,,,,,,,
,523,,,,FALSE,TRUE,FALSE,1 PCS,CA - C28,,,,,,,,,,
,524,003-0057,ELECTRICAL,Kabel body,FALSE,TRUE,FALSE,1 DUS,CA - C28,,,,,,,,,,
,525,001-0184,ENGINE,Radiator ,FALSE,TRUE,FALSE,1 PCS,Lorong - CA,,,,,,,,,,
,526,005-0085,EXTERIOR,Karet-karet kaca,FALSE,TRUE,FALSE,1 KTG,"RT - Lorong
Rak CB",,,,,,,,,,
,527,005-0086,EXTERIOR, perangkat handle pintu,FALSE,TRUE,FALSE,1 KTG,RT - C19,,,Keranjang 1,,,,,,,
,528,002-,UNDERCARIAGE,Karet kabel handbrake / Bushing (467),FALSE,FALSE,TRUE,2 PCS,RT - C3,,,Keranjang 3,,,,,,,
,530,005-0088,EXTERIOR,Regulator kaca pintu RH/LH,FALSE,TRUE,FALSE,2 PCS ,RT-C43,"21/1/2026
Faisal",,,,,,,,,
,531,005-0089,EXTERIOR,Regulator kaca segitiga belakang RH/LH,FALSE,TRUE,FALSE,2 PCS ,RT-C44,"21/1/2026
Faisal",,,,,,,,,
,532,005-0090,EXTERIOR,Cover fuel tank,FALSE,TRUE,FALSE,2 PCS ,RT-C44,"21/1/2026
Faisal",,,,,,,,,
,533,005-0091,EXTERIOR,Lis panel mati bagian bawah kaca segitiga belakang ,FALSE,TRUE,FALSE,2 PCS ,RT-C42,"21/1/2026
Faisal",,,,,,,,,
,534,005-0092,EXTERIOR,Lis body belakang ,FALSE,TRUE,FALSE,2 PCS ,RT-C42,"21/1/2026
Faisal",,,,,,,,,
,535,005-0093,EXTERIOR,Lis pillar kaca depan bagian luar RH/LH,FALSE,TRUE,FALSE,2 PCS ,RT-C42,"21/1/2026
Faisal",,,,,,,,,
,536,005-0094,EXTERIOR,Lis pillar kaca depan bagian dalam RH/LH,FALSE,TRUE,FALSE,2 PCS ,RT-C42,"21/1/2026
Faisal",,,,,,,,,
,537,005-0095,EXTERIOR,Lis penjepit kaca pintu,FALSE,TRUE,FALSE,1 PC ,RT-C42,"21/1/2026
Faisal",,,,,,,,,
,538,005-0096,EXTERIOR,Lis penjepit karet kaca pintu bagian atas RH/LH,FALSE,TRUE,FALSE,2 PCS ,RT-C42,"21/1/2026
Faisal",,,,,,,,,
,539,005-0097,EXTERIOR,Lis penjepit karet kaca segitiga belakang bagian atas RH,FALSE,TRUE,FALSE,1 PC ,RT-C41,"21/1/2026
Faisal",,,,,,,,,
,540,005-0098,EXTERIOR,Lis kaca belakang bagian atas RH/LH,FALSE,TRUE,FALSE,2 PCS ,RT-C41,"21/1/2026
Faisal",,,,,,,,,
,541,005-0099,EXTERIOR,Lis cowl depan RH/LH,FALSE,TRUE,FALSE,2 PCS ,RT-C41,"21/1/2026
Faisal",,,,,,,,,
,542,005-0100,EXTERIOR,Lis cowl belakang RH/LH,FALSE,TRUE,FALSE,2 PCS ,RT-C41,"21/1/2026
Faisal",,,,,,,,,
,543,005-00101,EXTERIOR,Lis footstep RH/LH,FALSE,TRUE,FALSE,2 PCS ,RT-C40,"21/1/2026
Faisal",,,,,,,,,
,544,003-0058,ELECTRICAL,Switch,FALSE,TRUE,FALSE,1 PCS,RT - C10,,,Keranjang 1,,,,,,,