,,,,,,,,,,,,,
,,,,,,,,,,,,,
NO,NAMA ,UNIT,TANGGAL,DIVISI,PEMBAHASAN,STATUS,,,KETERANGAN,APPROVAL COO,,STATUS PEMBAHASAN,
,,,,,,PENDING,ON PROGRESS,DONE,,ACC,DECLINE,,
,,,,,,,,,,,,,
1,YUDHA,MB R107 Mr. SILMY,"Rabu, 29 April 2026",MEKANIK ,"KOMPRESOR AC YANG MENEMPEL PADA LINK STABILIZER DEPAN (KURANG TINGGI). 
SOLVING NYA :
KARENA BRACKET KOMPRESOR SUDAH TIDAK BISA LAGI DI NAIKAN, IZIN UNTUK DI AJUKAN DUDUKAN BAUT KOMPRESOR DI PAPAS, AGAR KOMPRESOR AC TIDAK MENYENTUH LINK STABILIZER",FALSE,FALSE,TRUE,KOMPRESOR AC DI GANTI UKURAN KE YANG LEBIH KECIL. UNTUK DI TUKAR KE PAK TONI AC,FALSE,TRUE,DONE,"Proses hunting part pulley compresor, fu kembali jumat 15 mei 2026"
2,NANDA,FERRARI F355 Mr. SILMY,"Rabu, 29 April 2026",BODY PAINT,"FENDER BELAKANG RH CAT ABSORBE (NGISEP) CATA BAWAAN KARENA PADA BAGIAN INI TIDAK KITA KERJAKAN. 
SOLVING NYA: 
PENGAJUAN UNTUK DI SPRAY SOL CAT NAMUN DI KEROK DAHULU SAMPAI PLAT, DENGAN PERTIMBANGAN AGAR TIDAK TIMBUL KEMBALI (NGISEP) DALAM WAKTU DEKAT. DIKERJAKAN 4 JAM PIC PAK RIZKY

NAMUN ADA OPSI LAIN JUGA UNTUK HANYA DI SANDING + COMPUND POLESH TAPI KEMUNGKINAN AKAN TIMBUL KEMBALI DALAM WAKTU DEKAT. DIKERJAKAN 2 JAM PIC PAK DADAN
MAKA DARI ITU IZIN PEMBAHASAN LANGSUNG BERSAMA BAPAK SERTA PENINJAUAN DI UNIT.",FALSE,FALSE,TRUE,SOL CAT,TRUE,FALSE,DONE,
3,NANDA,FERRARI F355 Mr. SILMY,"Rabu, 29 April 2026",BODY PAINT,"FENDER BELAKANG LH CAT MENGKERUT SAAT PROSES COMPOUND OLEH PAK DADAN. HAL INI TERJADI KARENA KONDISI CAT BAWAAN LEMBEK DAN KETIDAK HATI-HATIAN SAAT MENGGUNAKAN ALAT POLES, MAKA DARI ITU SAAT INI PROGRESS PENGERJAAN DILANJUTKAN DENGAN CARA MANUAL.
SOLVING NYA :
PENGAJUAN UNTUK DI SPRAY SOL CAT (PENGULANGAN) DENGAN DURASI 2 JAM PIC RIZKY",FALSE,FALSE,TRUE,SOL CAT,TRUE,FALSE,DONE,
4,IQBAL N,MB 500 SEL Mr. SILMY,"Kamis, 30 April 2026",MEKANIK ,"KARET BANTALAN TITIK 3 DAN TITIK 4
HUNTING LOKAL TEAM PURCHASING SUDAH TIDAK MENEMUKAN
SOLVING NYA:
KARET BANTALAN MEMAKAI UNIT MB 560 SEC P. SILMY YANG BERTANDA TITIK 2. KEMUDIAN BANTALAN TERSEBUT DI TAMBAHKAN DENGAN BANTALAN BAWAAN UNIT YANG TITIK 1, NAMUN YANG TITIK 1 INI AKAN DILAKUKAN PEMAPASAN DAHULU 3 MM AGAR HASIL AKHIR NYA MENJADI 18 MM SESUAI DENGAN KARET BANTALAN TITIK 3",FALSE,FALSE,TRUE,"PASANGKAN DENGA BANTALAN KARET BAN BAWAAN UNIT, PEMASANGAN PER DI TUKAR ANTARA RH/LH",FALSE,TRUE,DONE,
5,IQBAL N,MB 500 SEL Mr. SILMY,"Kamis, 30 April 2026",MEKANIK ,"TRIM PLAFON BELAKANG
ADA PERBEDAAN WARNA DENGAN TRIM SAMPING BELAKANG RH/LH, KARENA KONDISI PLAFON BELAKANG LEBIH TUA WARNA SEBELUMNYA . SEHINGGA SAAT DILAKUKAN PENGECATAN TIDAK TERKEJAR WARNA NYA UNTUK SESUAI DENGAN TRIM SAMPING BELAKANG. SEBELUM NYA WARNA SUDAH ACC OLEH PAK HERDY SAAT UNTUK PERSIAPAN KEDATANGAN PAK SILMY 18 APRIL 2026. 
SOLVING NYA :
PENGECATAN ULANG TRIM PLAFON BAGIAN BELAKANG DI SAMAKAN WARNA TRIM SAMPING, PIC DENDI ESTIMASI 6 JAM (BERIKUT MIXING WARNA)",FALSE,FALSE,TRUE,ACC KERJAKAN 6 JAM OLEH DENDI,TRUE,FALSE,DONE,
6,IQBAL N,MB 500 SEL Mr. SILMY,"Kamis, 30 April 2026",MEKANIK ,"AREA BODY MOULDING DEPAN RH/LH ABSORBE (NGISEP)
SOLVING NYA :
DILAKUKAN REPAIR DAN CAT ULANG BODY MOULDING PADA BAGIAN YG ABSORBE (NGISEP). PIC DENDI ESTIMASI 32 JAM (SANDING + PILIHAN DEMPUL + POXY + SPRAY CAT + SPRAY VERNIS)",FALSE,FALSE,TRUE,"ACC KERJAKAN SEBELAH KIRI SAJA OLEH DENDI 10 JAM, DENGAN CATATAN HASIL MAKSIMAL KERJAKAN SECEKATAN MUNGKIN, BAGIAN KANAN TOLERANSI TIDAK PERLU DI KERJAKAN. HAL INI TERJADI DARI KURANG PENGERINGAN",FALSE,TRUE,DONE,tgl 13 sudah selesai
7,IQBAL N,MB 500 SEL Mr. SILMY,"Kamis, 30 April 2026",MEKANIK ,"PEMBUATAN STICKER / DECAL SHIFTER DAN STICKER DI TUTUP TANGKI
IZIN DIPERLIHATKAN",FALSE,FALSE,TRUE,"STICKER TANGKI BENSIN BUAT KEMBALI, SESUAIKAN DENGAN CONTOH. UNTUK STOCKER SHIFTER TRANSMISI BUAT CUTTING STOCKER UNTUK DOUBLE WARNA HITAM NYA",FALSE,TRUE,DONE,
8,IQBAL N,MB 500 SEL Mr. SILMY,"Kamis, 30 April 2026",MEKANIK ,"SPEEDOMETER
OPSI 1
SPEEDOMETER YANG NGACO / TIDAK SESUAI ACTUAL JALAN KENDARAAN
SUDAH DI BAHAS DENGAN TEAM PURCHASING YANG LANGSUNG BERKOORDINASI DENGAN PIHAK VENDOR PAK DONI, NAMUN DARI PIHAK PAK DONI MEMINTA SELURUH KOMPONEN SPEEDOMETER DI BAWA DAHULU UNTUK DIPERIKSA KESELURUHAN, DIKHAWATIRKAN ADA EROR DI KOMPONEN YANG LAIN. NAMUN DARI PAK DONI INI SLOW RESPON DALAM KOMUNIKASI, YANG DIKHAWATIRKAN JIKA DILANJUTKAN AKAN MENGHAMBAT PROGRESS SELANJUT NYA

OPSI 2 
SPEEDOMETER DI BAWA KE VENDOR PAK BENO YANG ADA DI JALAN PUNGKUR, BELIAU ADALAH SPESIALIS SERVICE SPEEDOMETER. INFORMASI DI DAPATKAN DARI PAK KAMIN.",FALSE,FALSE,TRUE,"SPEEDOMETER KIRIM KE MAS AJI, SEBELUM NYA DI LAKUKAN PERECAHAN DULU DAN PERLIHATKAN KE BAPAK DAHULU, JIKA BAPAK SUDAH ACC BARU UNTUK DI KIRIM KE VENDOR",FALSE,TRUE,DONE,tinggal coba test jalan
9,NANDA,PORSCHE 911 Mr. HANDY,"Kamis, 30 April 2026",BODY PAINT,"LAPISAN VERNIS / KULIT JERUK ADA BINTIK PORI-PORI DI BEBERAPA BAGIAN, BEBERAPA AREA LAPISAN VERNIS KURANG MERATA (KERING). SEHINGGA PADA SAAT PROSES SANDING VERNIS TIMBUL BINTIK PORI-PORI. YANG MENGERJAKAN SEBELUM NYA JAFAR (DALAM PROSES BELAJAR)

IZIN UNTUK PENINJAUAN LANGSUNG UNTUK MEMINTA ACC BAPAK DALAM MENENTUKAN TEXTURE YANG DIINGINKAN SEPERTI APA.",FALSE,FALSE,TRUE,SANDING VERNIS FENDER DEPAN LH SETELAH SELESAI PERLIHATKAN KE BAPAK. UNTUK VELG MINTA BU WIDYA KONFIRMASI KE PAK KOPONG APAKAH AKAN PERGUNAKAN KEMBALI ATAU TIDAK KARENA KONDISI FENDER DEPAN SAAT INI TERLIPAT,FALSE,TRUE,DONE,
10,NANDA,MB R129 Mr. DIKO,"Kamis, 30 April 2026",BODY PAINT,"BUMPER DEPAN AREA GRILL BERGELOMBANG. HASIL ANALISA BUMPER SUDAH PERNAH DIREPAIR DI WS SEBELUM NYA KARENA ADA BEKAS TAMBALAN / JAHITAN DI AREA BELAKANG GRILL. SUDAH COBA DIPERBAIKI /DIKETOK OLEH BODY WORK TAPI GELOMBANG MASIH ADA

SOLVING NYA:
PENGAJUAN UNTUK PENAMBAHAN / DIBUAT TAHANAN PLAT AGAR PART KOKOH. DIKERJAKAN BODY WORK PIC DAVIT ESTIMASI 16 JAM 
",FALSE,FALSE,TRUE,"TIDAK ACC, TOLERANSI GELOMBANG BERHITUNG WAKTU, LANJUT SAJA BODY PAINT",FALSE,TRUE,DONE,
11,JAYA ,PORSCHE 930 Mr. ADRIAN,"Kamis, 30 April 2026",BODY WORK ,"RAMBANG / COVER KONDENSOR YANG AKAN DIGUNAKAN SUDAH DI HUNTING TEAM PURCHASING MENEMUKAN PERSAMAAN, TAPI PEMBELIAN TIDAK BISA DI ECER HARUS MEMBELI LEMBARAN DENGAN HARGA 1 JUTA UKURAN 120 X 240 CM KEBUTUHAN 100 X 100 CM

IZIN UNTUK RAMBANG DI BELI SEBAGIAN DI PAKAI PORSCHE 930 SESUAI KEBUTUHAN SISA NYA MENJADI STOCK . ATAU OPSI 2 PAK KAMIN HUNTING KEMBALI DI JATAYU, TAPI AKAN MEMBUTUHKAN KEMBALI WAKTU UNTUK HUNTING (EFISIENSI WAKTU)",FALSE,FALSE,TRUE,"PAKAI PLAT STOCK YANG BULAT, UNTUK COVER INI DIRANCANG DAHULU DAN PRESENTASIKAN KEPADA BAPAK SETELAH KONDENSOR DI PASANG DI UNIT DAN SUDAH DI CAT",FALSE,TRUE,DONE,
12,FIKI ,MB MPS Mr. DIKO,"Kamis, 30 April 2026",MEKANIK ,PENINJAUAN PART UNTUK DI ORDER,FALSE,FALSE,TRUE,BEBERAPA GANTI DAN BEBERAPA PERGUNAKAN KEMBALI,TRUE,FALSE,DONE,Proses Hunting part
13,RIZKI M,KIJANG SM,"Jumat, 01 Mei 2026",MEKANIK ,POWER WINDOW BELAKANG KADANG MACET SAAT NAIK DARI SWITCH CENTRAL,FALSE,FALSE,TRUE,"SWITCH CENTRAL POWER WINDOW , SAFETY BELT R/L, FLASHER TUKAR DENGAN UNIT KIJANG BIRU, UNTUK REM DI BLEEDING.",FALSE,TRUE,DONE,
14,IQBAL N,FERRARI F355 Mr. SILMY,"Jumat, 01 Mei 2026",MEKANIK ,"COVER SPEEDOMETER GELOMBANG DAN CELAH BESAR , SOLVING REPAIR GANTI KULIT DAN PENAMBAHAN TULANGAN YG BERGELOMBANG",FALSE,FALSE,TRUE,"TIDAK ACC, TAMBAL SAJA DENGAN BUSA SEKELILING NYA,UNTUK BUSA NYA DI PERLIHATKAN DAHULU KE BAPAK",FALSE,TRUE,DONE,
15,FIKI ,MB MPS Mr. DIKO,"Senin, 04 Mei 2026",MEKANIK ,"RADIATOR TERDAPAT KEBOCORAN DI BAGIAN COVER NYA
IZIN REPAIR DI VENDOR / HUNTING ESTIMASI HARGA BARU",FALSE,FALSE,TRUE,"HUNTING HARGA DAN INFORMASIKAN KE BAPAK, CARI YANG DI MILAN SAMA SEPERTI SP ABU, UNTUK VIDIO PENGECEKAN DI SAMPAIKAN KE BU WIDYA UNTUK DI KIRIM KE PAK DIKO DAN INFORMASIKAN RADIATOR AKAN DI GANTI",TRUE,FALSE,DONE,
16,FIKI ,MB MPS Mr. DIKO,"Senin, 04 Mei 2026",MEKANIK ,"SPION DEPAN KIRI BUKAN ORIGINAL
IZIN UNTUK HUNTING UNTUK ESTIMASI HARGA DAN KETERSEDIAAN PART
",FALSE,FALSE,TRUE,"PASANGKAN KEMBALI, TIDAK MASALAH NO PART TIDAK TERLIHAT (TIDAK ORIGINAL)",FALSE,TRUE,DONE,
17,IMAN ,MB W124 E320 SPORTLINE Mr. MARTHIN,"Senin, 04 Mei 2026",MEKANIK ,"HANDLE PINTU TERDAPAT CAT DI HANDLE PINTU DAN CAT BAWAAN YANG MENGELUPAS, SUDAH KOORDINASI DENGAN BODY PAINT. JIKA CLEANING MENGGUNAKAN THINER ADA INDIKASI HANDLE PINTU AKAN RUSAK DAN BERWARNA PUTIH 

JIKA DI CAT KEMBALI ESTIMASI PENGERJAAN 4 JAM PIC DENDI

IJIN UNTUK DITINJAU LANGSUNG",FALSE,FALSE,TRUE,COBA DI HAMPLAS SEDIKIT + COMPOUND MERAH DAN PERLIHATKAN KEMBALI KE BAPAK,FALSE,TRUE,DONE,
18,YUDHA,RR Mr. STANLEY,"Senin, 04 Mei 2026",MEKANIK ,"A.	AIR SUSPENSI HASIL PERBAIKAN KEBOCORAN SUDAH DI CEK TIDAK DITEMUKAN KEBOCORAN, NAMUN UNTUK KETINGGIAN FENDER RH DAN LH MASIH SELISIH 1-2 CM
IJIN UNTUK PEMANGGILAN VENDOR UNTUK KALIBRASI KEMBALI SETELAH PROSES PEMINDAHAN SENSOR KETINGGIAN AIR SUSPENSI",FALSE,FALSE,TRUE,"TEST DRIVE DAHULU BAPAK BESOK, KEMUDIAN TUKAR SENSOR NYA DARI KANAN KE KIRI UNTUK UNIT DI KALIBRASI KEMBALI BAHAS SETELAH BAPAK TEST DRIVE",FALSE,TRUE,DONE,
19,YUDHA,RR Mr. STANLEY,"Senin, 04 Mei 2026",MEKANIK ,"STOP LAMP KIRI JUGA BEREMBUN, SEBELUM NYA HANYA YANG KANAN YG DI REPAIR SESUAI PERMINTAAN PAK WAWAN
IZIN UNTUK PELEPASAN DAN PENGECEKAN BAGIAN DALAM SEPERTI YANG SUDAH DILAKUKAN PADA BAGIAN KANAN.",FALSE,FALSE,TRUE,KERJAKAN,TRUE,FALSE,DONE,Tinggal cek kebocoran
20,NANDA,FERRARI F355 Mr. SILMY,"Senin, 04 Mei 2026",BODY PAINT,"DOORTRIM YANG SUDAH SELESAI DI SPRAY CAT SESUAI PENGAJUAN SEBELUM NYA DAN SUDAH DI ACC, HASOL QC PAK HERDY WARNA NYA KURANG SAMA DENGAN DASHBOARD DEPAN. WARNA DOORTRIM MENGACU PADA JOK.
NAMUN KONDISI WARNA DASHBOARD DEPAN DAN BELAKANG BAWAAN PUN BERBEDA.
SEHINGGA LAPANGAN BINGUNG MENENTUKAN WARNA YANG AKAN JADI ACUAN.
SAAT INI DOORTRIM YANG SUDAH SELESAI DI SPRAY, SAMA DENGAN WARNA JOK

IZIN MENINJAU LANGSUNG",FALSE,FALSE,TRUE,"SAMAKAN DENGAN DASHBOARD BELAKANG YG BERSEBELAHAN DENGAN DOORTRIM BAGIAN YG ATAS NYA SAJA, UNTUK PENGARAHAN KEPADA PAK HERDY",FALSE,TRUE,DONE,
21,NANDA,MB 500 SEL Mr. SILMY,"Senin, 04 Mei 2026",BODY PAINT,"CONSOLE BOX SEBELUM NYA DI INSTRUKSIKAN DI SPRAY CAT 1 LAPIS PAKAI CAT JOK, NAMUN SETELAH DI APLIKASIKAN WARNA TIDAK SAMA, KEMUNGKINAN KARENA KULIT JOK SUDAR TERGESEK-GESEK / MELAR JADI WARNA BERUBAH (TINGKAT SINAR DOP). SETELAH DI QC PAK HERDY, DAN BERDISKUSI UMTUK MIXING MENDEKATI WARNA JOK YANG AKAN BERSANDING DENGAN CONSOLE BOX. NAMUN WARNA JOK NYA PUN TERDAPAT PERBEDAAN ANTARA KANAN DAN KIRI. (JOK SEBELUM NYA GANTI KULIT TIDAK ADA POSES CAT)

IJIN MENINJAU LANGSUNG DAN MEMINTA ARAHAN WARNA YANG MENJADI ACUAN, PENINJAUAN DAPAT DILAKUKAN JAM 13:00 WIB (PROSES PENGERINGAN)
",FALSE,FALSE,TRUE,"DI SMOKE DAHULU KEMUDIAN PERLIHATKAN KEPADA BAPAK, CONSOLE BOX TIDAK MASALAH HARUS SAMA PERCIS UNTUK DI PERLIHATKAN KEMBALI KE BAPAK",FALSE,FALSE,DONE,
22,DERI,MB MPS Mr. DIKO,"Senin, 04 Mei 2026",PURCHASING,PEMBAHASAN HASIL HUNTING PART LOKAL DARI PAK DERI,FALSE,FALSE,TRUE,PART HLA PASANGKAN KEMBALI INFOKAN PAK RENDI JIKA ADA BANDING SAMPAIKAN KE BAPAK,FALSE,TRUE,DONE,
23,DERI,MB W212 Mr. BILLY,"Senin, 04 Mei 2026",PURCHASING,VGS BELI YANG CKP ,FALSE,FALSE,TRUE,INGATKAN BAPAK UNTUK BAHAS ATAU KONTAK KEPALA MEKANIK CKP NYA,TRUE,FALSE,DONE,
24,DERI,PORSCHE 930 Mr. ADRIAN,"Senin, 04 Mei 2026",PURCHASING,PENGAJUAN TIPS FERI TINTER,FALSE,FALSE,TRUE,ACC,TRUE,FALSE,DONE,
25,JAYA ,PORSCHE 930 Mr. ADRIAN,"Selasa, 05 Mei 2026",BODY WORK ,MELANJUTKAN PEMBAHASAN POLA COVER KONDENSOR AC UNTUK PORCHE 930,FALSE,FALSE,TRUE,acc kerjakan 40 jam oleh sandy,TRUE,FALSE,DONE,
26,FIKI ,MB MPS Mr. DIKO,"Selasa, 05 Mei 2026",CHROME ,EXHOUST MANIFOLD UNTUK DI VAPOUR,FALSE,FALSE,TRUE,"ada dua, yang satu bersihkan dlu dengan auto sol, bagian packing nya di sanding 10 balikan kemudian di vapour setelah nya perlihatkan kembali kepada Pak Marthin",FALSE,TRUE,DONE,"sudah selesai namun hasilnya tidak rapi,komplen ke vendor"
27,YUDHA,MB E320 SPORTLINE HIJAU Mr. DIKO,"Selasa, 05 Mei 2026",MEKANIK ,KONDENSOR AC KURANG MAJU,FALSE,FALSE,TRUE,buat boshing ganjal kemudian galvanis hitam,TRUE,FALSE,DONE,Partr Bushing sudah selesai di vendor tgl 8 Mei 2026
28,RIZKI M,MB R107 Mr. SILMY,"Rabu, 06 Mei 2026",MEKANIK ,"BAUT-BAUT UNDERCARRIAGE BERKARAT IZIN UNTUK DI GALVANIS, SEBELUM NYA SUDAH DI AJUKAN NAMUN TIDAK ACC. TAPI KARENA KAKI-KAKI BANYAK DI GANTI DAN DI REPAIR JADI JOMPLANG",FALSE,FALSE,TRUE,ACC,TRUE,FALSE,DONE,wov sudah masuk di tgl 8 mei 2026
29,RIZKI M,MB R107 Mr. SILMY,"Rabu, 06 Mei 2026",MEKANIK ,"SEPATU REM BELAKANG ADA RETAK-RETAK, SEBELUM NYA SUDAH DI AJUKAN NAMUN UNTUK DI PASANG KEMBALI. TAPI SAAT AKAN DI PASANG KEMUNGKINAN LIFETIME NYA TIDAK AKAN BERTAHAN LAMA",FALSE,FALSE,TRUE,hunting harga local dulu dan infokan harga nya jika tidak dapat di lokal untuk perlihatkan part nya kepada Pak Marthin,TRUE,FALSE,DONE,sudah terpasang
30,UJANG K ,CHEVROLET Mr. NYOMAN,"Rabu, 06 Mei 2026",CHROME ,"HANDLE PINTU LH KO DEDE ADA BRUNTUS KECIL, HANDLE PINTU RH DI PAK RAJAB BRUNTUS CUKUP BESAR",FALSE,FALSE,TRUE,"kirimkan ke duanya ke ko dede, untuk di kerjakan di vendor ko dede",TRUE,FALSE,ON PROGRESS,Part sedang proses divendor 1 pc ke ko dede 1 pcs ke pak rajab
31,FIKI ,MB 190 SL Mr. ADRIAN,"Rabu, 06 Mei 2026",MEKANIK ,"TERDAPAT KEBOCORAN OIL PADA SEAL TAMBANG OUTPUT CRANKSHAFT, IZIN UNTUK SEAL TAMBANG DI GANTI",FALSE,FALSE,TRUE,"tidak ACC, ajukan kembali jika sudah ada kiat-kiat nya apakah dengan di ganti menjamin tidak bocor",FALSE,TRUE,BELUM DIKERJAKAN,Masih proses mencari solusi terbaik
32,FIKI ,FIAT MULTIPLA Mr. JOKO,"Rabu, 06 Mei 2026",MEKANIK ,opening pintu belakang rh/lh terdapat baret akibat settingan pintu terlalu rapat. dulu progress pengecatan dalam keadaan di jackstand sehingga setingan setelah body terpasang kaki-kaki berubah. izin pengerjaan untuk engsel pintu di lepas dan ditambahkan spacer estimasi 32 jam pic pak opan dan pengecatan 48 jam pic pak dadan,FALSE,FALSE,TRUE,kerjakan dengan catatan pak syarif incharge dalam memberikan advice,TRUE,FALSE,DONE,proses setting sudah selesai
33,FIKI ,MB MPS Mr. DIKO,"Rabu, 06 Mei 2026",MEKANIK ,"PISTON KELIPER BELAKANG 2 PCS PISTON DEPAN 1 PCS TERDAPAT BARET PADA PERMUKAAN SEAL, RESIKO UNTUK BOCOR. IZIN HUNTING LOKAL JIKA TIDAK ADA HUNTING LN",FALSE,FALSE,TRUE,HUNTING DULU HARGA DAN INFORMASIKAN,TRUE,FALSE,ON PROGRESS,Masih Proses hunting part ( FU Purchasing )
34,IMAN ,MB 500 SEC Mr. DIKO,"Rabu, 06 Mei 2026",MEKANIK ,HUNTING PART TERLAMPIR,FALSE,FALSE,TRUE,"ACC, UNTUK PIPA REM DAN DAN NEPEL PIPA REM KONFIRMASI DAHULU KARENA KESALAHAN KERJA",TRUE,FALSE,ON PROGRESS,Masih Proses hunting part ( FU Purchasing )
35,PRATAMA,MB R129 Mr. DIKO,"Kamis, 07 Mei 2026",MEKANIK ,SHIFTER INDICATOR PATAH DAN TIDAK BISA MENGUNCI FITUR S DAN W (BAWAAN RUSAK). IZIN GANTI,FALSE,FALSE,TRUE,HUNTING SECOND DAHULU,TRUE,FALSE,ON PROGRESS,Masih Proses hunting part
36,RIZKI M,PORSCHE 930 Mr. ADRIAN,"Kamis, 07 Mei 2026",MEKANIK ,"LAMPU REM MATI SAAT PEDAL DI INJAK, SWITCH REM MATI. IZIN UNTUK DI GANTI SEBELUM NYA HANYA DI RESTORE",FALSE,FALSE,TRUE,"LEPAS LALU BERSIHKAN, JIKA TIDAK FUNGSI BARU HUNTING , BLEEDING REM",FALSE,TRUE,DONE,sudah terpasang
37,PRATAMA,MB R129 Mr. DIKO,"Kamis, 07 Mei 2026",MEKANIK ,"KATUP EVAPORATOR TENGAH, BAWAH, ATAS TIDAK ADA BAWAAN",FALSE,FALSE,TRUE,CARI PERSAMAAN HOUSING SECOND DENGAN CATATAN FLIP KATUP LENGKAP,FALSE,TRUE,ON PROGRESS,Masih Proses hunting part
38,PRATAMA,MB R129 Mr. DIKO,"Kamis, 07 Mei 2026",MEKANIK ,AKTUATOR KATUP BAWAAN TIDAK ADA,FALSE,FALSE,TRUE,CARI PERSAMAAN HOUSING SECOND INFOKAN DLU HARGA,FALSE,TRUE,ON PROGRESS,Masih Proses hunting part
39,PRATAMA,MB R129 Mr. DIKO,"Kamis, 07 Mei 2026",MEKANIK ,HETER TIDAK FUNGSI,FALSE,FALSE,TRUE,ACC TIDAK FUNGSI,FALSE,TRUE,DONE,-
40,PRATAMA,MB R129 Mr. DIKO,"Kamis, 07 Mei 2026",MEKANIK ,RESERVOIR RADIATOR KOTOR SUDAH DI KURAS TAPI MASIH ADA KOTORAN,FALSE,FALSE,TRUE,PASANG KEMBALI,FALSE,TRUE,DONE,-
41,JAYA ,MB W124 E320 SPORTLINE Mr. MARTHIN,"Kamis, 14 Mei 2026",BODY WORK ,KARET HANDLE PINTU SUDAH KERAS DAN MENYUSUT UKURAN NYA. IZIN UNTUK DI GANTI,FALSE,FALSE,TRUE,ACC ORDER 4 ,TRUE,FALSE,DONE,TGL 14 MEI PR SUDAH MASUK KE PURCHASING
42,IQBAL N,MB 500 SEC Mr. DIKO,"Kamis, 14 Mei 2026",MEKANIK ,"1, KOMPONEN WORM STEER BAGIAN DALAM NYA SUDAH TERKIKIS IZIN HUNTING HANTI 2, SELANG-SELANG POWER STEERING SUDAH RETAK IZIN UNTUK DI GANTI",FALSE,FALSE,TRUE,"1. HUNTING LOKAL SECOND INFORMASIKAN DULU HARGA NYA 2, GANTI",TRUE,FALSE,ON PROGRESS,
43,IQBAL N,MB 500 SEL Mr. SILMY,"Kamis, 14 Mei 2026",MEKANIK ,cat sunvisor di tinjau,FALSE,FALSE,TRUE,warna sangat jauh tidak ACC,FALSE,TRUE,DONE,
44,IQBAL N,MB 500 SEL Mr. SILMY,"Kamis, 14 Mei 2026",MEKANIK ,kerataan body setelah penambahan ganjal per kaki-kaki,FALSE,FALSE,TRUE,sudah bagus,TRUE,FALSE,DONE,SUDAH ACC BP
45,JAYA ,MB MPS Mr. DIKO,"Jumat, 15 Mei 2026",BODY WORK ,LIS MOULDING PINTU BELAKANG LH PENDEK DI BANDINGKAN RH,FALSE,FALSE,TRUE,TUKAR DENGAN MB SP SILVER,TRUE,FALSE,DONE,PROSES SANDING POLES D.CHROME
46,IQBAL N,FERRARI F355 Mr. SILMY,"Jumat, 15 Mei 2026",MEKANIK ,"BUNYI AREA TRANSMISI DAN KOPLING,TERDEPAT REMBESAN OLI DI PACKING KLEP,PENURUNAN PERFORMA ENGINE, DAN ENGINE CHEK BERKEDIP, CAT CAP MESIN GELOMBANG KEMBALI SAAT KONDISI KAP MESIN PANAS OLEH ENGINE",FALSE,FALSE,TRUE,"UNTUK SCAN SAHULU OLEH VENDOR CGI KENDALA TRANSMISI DAN ENGINE, UNTUK CAT PERLIHATKAN KE BAPAK SAAT KONDISI PANAS",TRUE,FALSE,ON PROGRESS,PROSES ANLISA KARENA SCAN OLEH CGI TIDAK BISA
47,YUDHA,PORSCHE 993 Mr. ADRIAN,"Jumat, 15 Mei 2026",MEKANIK ,SPION KANAN PORSCHE 993 BAGIAN DALAM ADA DUDUKAN PATAH SEHINGGA HARUS BONGKAR CERMIN,FALSE,FALSE,TRUE,ACC,TRUE,FALSE,DONE,"SUDAH DI BONGKAR, TINGGAL PROSES REPAIR"
48,YUDHA,PORSCHE 930 Mr. ADRIAN,"Senin, 18 Mei 2026",MEKANIK ,"Perbaikan AC 
Untuk fungsional AC kurang maksimal pengajuan untuk ganti kompresor",FALSE,FALSE,TRUE,ACC HUNTING HARGA,FALSE,FALSE,DONE,kata bapak pasang apa adanya saja
49,YUDHA,PORSCHE 930 Mr. ADRIAN,"Senin, 18 Mei 2026",MEKANIK ,"Safety belt los
Izin untuk di cek dan analisa kerusakan",FALSE,FALSE,TRUE,ACC CEK DAN PERBAIKI,FALSE,FALSE,ON PROGRESS,PROSES SERVICE KE VENDOR
50,YUDHA,PORSCHE 930 Mr. ADRIAN,"Senin, 18 Mei 2026",MEKANIK ,"Wiper blade belakang tidak fungsi
Pengecekan arus listrik ke motor wiper blade , analisa kerusakan",FALSE,FALSE,TRUE,ACC CEK DAN PERBAIKI,FALSE,FALSE,DONE,
51,YUDHA,PORSCHE 930 Mr. ADRIAN,"Senin, 18 Mei 2026",MEKANIK ,"Tombol indikator lamp fog depan dan belakang tertukar
Izin untuk di lepas tombol switch di tukarkan",FALSE,FALSE,TRUE,ACC DAN PROGRESS,FALSE,FALSE,DONE,
52,KANDI,,"Selasa, 19 Mei 2026",MEKANIK ,"Jika akan di lakukan galvanis pipa pipa seperti contoh :
- Pipa rem 
- Pipa bensin 
- Pipa power steering 
- Pipa AC 

Untuk terkondisikan di masking parts terproteksi, parts di supal di beri selang dahulu lanjut di proteksi kembali di proteksi dengan penambahan lem sika agar  cairan galvanis tidak masuk ke bagian dalam pipa ... 

Proses pengerjaan tanpa di HCl",FALSE,FALSE,TRUE,untuk di jalankan,TRUE,FALSE,DONE,SUDAH DI SHARE DI TERBITKAN DI GRUP ALL TEAM OLEH KANDI
53,IQBAL N,FERRARI F355 Mr. SILMY,"Selasa, 19 Mei 2026",MEKANIK ,Pengajuan scan dan resert vendor untuk Ferrari F355 bersana Pak Teten,FALSE,FALSE,TRUE,acc vendor yang datang ke SM ,TRUE,FALSE,ON PROGRESS,ESTIMASI DI BULAN JUNI
54,DERI,MB MPS Mr. DIKO,"Selasa, 19 Mei 2026",PURCHASING,Perlihatkan spare part brake band made in singapure dari online untuk MPS,FALSE,FALSE,TRUE,ACC BELI,TRUE,FALSE,DONE,ACC DI PAKAI
55,DERI,MB R107 Mr. SILMY,"Selasa, 19 Mei 2026",PURCHASING,Konfirmasi pembelian kompresor 300 SL 6.2 jt online shop,FALSE,FALSE,TRUE,ACC BELI,TRUE,FALSE,DONE,ACC BELI
56,DERI,,"Selasa, 19 Mei 2026",PURCHASING,Laporan hunting cover steer dari plastik dan kain,FALSE,FALSE,TRUE,BELI YANG KAIN,TRUE,FALSE,DONE,
57,DERI,,"Selasa, 19 Mei 2026",PURCHASING,Pembahasan hunting vendor cat ,FALSE,FALSE,TRUE,TANYA HARGA DULU YG DALTON APAKAH HARGA BERSAING DENGAN PPG,TRUE,FALSE,DONE,
58,YUDHA,MB MPS Mr. DIKO,"Selasa, 19 Mei 2026",MEKANIK ,GALVANISAN PIPA-PIPA,FALSE,FALSE,TRUE,"
- Pipa rem 
- Pipa bensin 
- Pipa power steering 
- Pipa AC 

Untuk terkondisikan di masking parts terproteksi, parts di supal di beri selang dahulu lanjut di proteksi kembali di proteksi dengan penambahan lem sika agar  cairan galvanis tidak masuk ke bagian dalam pipa ... 

Proses pengerjaan tanpa di HCl",FALSE,FALSE,DONE,
59,DERI,,"Selasa, 19 Mei 2026",PURCHASING,VENDOR CAT,FALSE,FALSE,TRUE,MEREK DALTON TANYAKAN HARGA NYA BERAPA JIKA HARGA BERSAING DENGAN PPG BERANI UNTUK KERJA SAMA JIKA SANGAT MURAH TIDAK WORTHIT,FALSE,FALSE,DONE,TIDAK RECOMENDED
60,PRATAMA,MB R129 Mr. DIKO,"Rabu, 20 Mei 2026",MEKANIK ,COVER SPION PATAH SAAT PEMBONGKARAN PAK KANDI SAN PAK TAUFIK,FALSE,FALSE,TRUE,SK BERIKAN KEPADA YG MELAKUKAN UNTUK BIAYA PERBAIKAN DI MASUKAN DALAM BLABOUR,FALSE,FALSE,DONE,
61,PRATAMA,MB W212 Mr. BILLY,"Rabu, 20 Mei 2026",MEKANIK ,EMBLEM BINTANG PATAH SAAT MEMBUKA COVER CAR,FALSE,FALSE,TRUE,"SK DIBERLAKUKAN UNTUK PEMBELIAN 175RB BEBAN OPH, 150 RB BEBAN PAK PRATAMA, 350RB BEBAN BAPAK",FALSE,FALSE,DONE,
62,JAYA ,MB 500 SEL Mr. SILMY,"Kamis, 21 Mei 2026",BODY WORK ,"GRILL KAP MESIN TERHADAP KAP MESIN TERDAPAT CELAH LEBAR SUDAH TIDAK BISA DI FITTING, KEMUNGKINAN DULU TIDAK DI PASKAN (MASUK DALAM KESALAHAN KERJA",FALSE,FALSE,TRUE,DI SEALER DARI DALAM,TRUE,FALSE,DONE,
63,JAYA ,MB 500 SEL Mr. SILMY,"Kamis, 21 Mei 2026",BODY WORK ,BUMPER DEPAN CEKUNG,FALSE,FALSE,TRUE,"BUMPER TENGAH DI KETOK HALUS TAPI TIDAK BOLEH DI CHROME ULANG, BAGIAN KIRI DI KETOK HALUS JUGA TAPI JIKA DIPERLUKAN CHROME ULANG DIPERBOLEHKAN",TRUE,FALSE,CANCEL,
64,IQBAL N,MB BATMAN Mr. ICHSAN,"Kamis, 21 Mei 2026",MEKANIK ,MENINJAU PART UNTUK DI ORDER 63 ITEM TERLAMPIR,FALSE,FALSE,TRUE,ACC SELURUH NYA SETELAH DI TINJAU UPDATE HUNTING HARGA NYA,TRUE,FALSE,DONE,
65,IQBAL N,FERRARI F355 Mr. SILMY,"Kamis, 21 Mei 2026",MEKANIK ,EXTRAFAN UNTUK DI BONGKAR DAN DIPERLIHATKAN KE BAPAK,FALSE,FALSE,TRUE,"ACC UNTUK DI BELI YANG DI TOKOPEDIA DENGAN HARGA 5,750,000 NAMUN SEBELUM NYA TIDAK SALAH UNTUK COBA DI BONGKAR DAHULU BAWAAN YANG RUSAK NYA",TRUE,FALSE,DONE,PROSES MENUNGGU KEDATANGAN PART
66,,MB PAGODA Mr. SILMY,"Kamis, 21 Mei 2026",MEKANIK ,tidak ngunci saat parkir (P) unit mundur,FALSE,FALSE,TRUE,cek keluhan customer,TRUE,FALSE,BELUM DIKERJAKAN,
67,NANDA,PORSCHE 911 Mr. HANDY,"Kamis, 21 Mei 2026",BODY PAINT,PERLIHATKAN SAMPLE LANTAI INTERIOR,FALSE,FALSE,TRUE,CARI DULU REFERENSI BARU PEMBAHASAN DENGAN BAPAK,FALSE,FALSE,ON PROGRESS,
68,YUDHA,PORSCHE 930 Mr. ADRIAN,"Jumat, 22 Mei 2026",MEKANIK ,"SISTEM AC KURANG DINGIN MAKSIMAL, INTUK PENGGANTIAN KOMPRESOR AC TIDAK ACC",FALSE,FALSE,TRUE,TIDAK MASALAH PASANGKAN KOMPRESOR BAWAAN NYA,FALSE,FALSE,DONE,
69,RIZKI M,MB E320 SPORTLINE HIJAU Mr. DIKO,"Sabtu, 23 Mei 2026",MEKANIK ,"kebocoran oli di pressure switch, izin pakai punya mb sp silver",FALSE,FALSE,TRUE,acc tapi setelah yang pembelian datang jika masih ada waktu di pasang ke sp hijau,TRUE,FALSE,DONE,
70,RIZKI M,MB E320 SPORTLINE HIJAU Mr. DIKO,"Sabtu, 23 Mei 2026",MEKANIK ,foo step pakai dulu punya sp silver,FALSE,FALSE,TRUE,acc chroman nya di buka,TRUE,FALSE,DONE,
71,IQBAL N,MB 500 SEL Mr. SILMY,"Sabtu, 23 Mei 2026",MEKANIK ,switch extrafan tidak ke kejar suhu nya dengan 85 derajat di literatur 100 derajat,FALSE,FALSE,TRUE,acc info harga dlu yang di online,TRUE,FALSE,DONE,
72,IQBAL N,MB 500 SEL Mr. SILMY,"Sabtu, 23 Mei 2026",MEKANIK ,switch tekanan oli mb 500 sec pinjam dahulu untuk test engine ketika pembelian sudah ada untuk di pasang ke 500 sel,FALSE,FALSE,TRUE,acc info harga dahulu,TRUE,FALSE,DONE,
73,IQBAL N,MB 500 SEL Mr. SILMY,"Sabtu, 23 Mei 2026",MEKANIK ,bilah kipas 560 sec pinjam dahulu ke mb 500 sel,FALSE,FALSE,TRUE,hunting dulu yg bilah kipas nya saja,FALSE,TRUE,DONE,
74,UJANG K ,MB 500 SEC Mr. DIKO,"Selasa, 26 Mei 2026",CHROME ,pengajuan restore part chrome dan chrome ulang,FALSE,FALSE,TRUE,"acc seluruh nya data terlampir, kecuali bumper depan kiri untuk poles dahulu dan informasikan kembali ke bapak",TRUE,FALSE,ON PROGRESS,
75,RUHIAT ,MB R129 Mr. DIKO,"Kamis, 28 Mei 2026",INTERIOR ,benang untuk cover jok,FALSE,FALSE,TRUE,"benang D untuk di lap dilon warna abu, kemudian perlihatkan kepada bapak",FALSE,TRUE,ON PROGRESS,
76,RUHIAT ,FIAT MULTIPLA Mr. JOKO,"Kamis, 28 Mei 2026",INTERIOR ,"list plafon bawaan banyak lem sudah dibersihkan tapi tidak bersih, izin ganti lis kain plafon nya",FALSE,FALSE,TRUE,acc beli yang mendekati warnanya,TRUE,FALSE,DONE,
77,IQBAL N,MB 500 SEL Mr. SILMY,"Kamis, 28 Mei 2026",MEKANIK ,"izin memakain dahulu resistance coil 0,9 ohm punya MB 190 SL . Adrian untuk test drive",FALSE,FALSE,TRUE,keputusan di pakai / tidak setelah hasil TD,FALSE,TRUE,ON PROGRESS,
78,IQBAL N,MB 500 SEL Mr. SILMY,"Kamis, 28 Mei 2026",MEKANIK ,upper arm pinjam dahulu yg mb 560 sec,FALSE,FALSE,TRUE,bawaan di service dahulu,FALSE,TRUE,DONE,service on progress
79,YUDHA,MB R107 Mr. SILMY,"Sabtu, 30 Mei 2026",MEKANIK ,DINGIN AC KURANG MAKSIMAL,FALSE,FALSE,TRUE,HEATER UNTUK TIDAK DI PASANG DAN FLIP AMBIL DARI DALAM,FALSE,TRUE,ON PROGRESS,proses ganti evaporator
80,YUDHA,RR Mr. STANLEY,"Sabtu, 30 Mei 2026",MEKANIK ,"KEBOCORAN AIR SUS DAN SHOCK BREACKER, BOCOR DARI BALON NYA ROBEK DAN OLI SHOCK BOCOR",FALSE,FALSE,TRUE,ORDER OLEH PAK STANLEY AIR SUS DAN SHOCKBREAKER NYA R/L 1 SET,FALSE,TRUE,ON PROGRESS,pak stanley yg beli part
81,YUDHA,PORSCHE 930 Mr. ADRIAN,"Sabtu, 30 Mei 2026",MEKANIK ,"MESIN SUSAH NYALA SAAT PAGI, INDIKASI MALFUNGSI PADA WARM UP",FALSE,FALSE,TRUE,ACC KERJAKAN OLEH PAK ASEP,TRUE,FALSE,ON PROGRESS,
82,RUHIAT ,MB PONTON 220 S Mr. SANTOSO,"Kamis, 04 Juni 2026",INTERIOR ,pengajuan pengupasan peredam lantai bawaan unit untuk di buat peredam yg baru,FALSE,FALSE,TRUE,ACC,TRUE,FALSE,,
83,NANDA,MB R129 Mr. DIKO,"Kamis, 04 Juni 2026",BODY PAINT,PROSES SPRAY GRADASI RUANGAN BAGASI,FALSE,FALSE,TRUE,KERJAKAN SESUAI YG DI AJUKAN OLEH PAK HERDY,TRUE,FALSE,,
84,IQBAL N,MB R129 Mr. DIKO,"Kamis, 04 Juni 2026",MEKANIK ,PENGAJUAN PELEPASAN REL KACA DEPAN R/L UNTUK DI SPRAY CAT,FALSE,FALSE,TRUE,"ACC, UNIT SUDAH TIDAK BOLEH ADA WARNA MERAH NYA",TRUE,FALSE,,
85,NANDA,MB 500 SEC Mr. DIKO,"Kamis, 04 Juni 2026",MEKANIK ,PENGAJUAN PAKAI CAT BMW 750 IL UNTUK PENGECATAN RUANGAN ENGINE MB 500 SEC,FALSE,FALSE,TRUE,TIDAK ACC!,FALSE,TRUE,,
86,NANDA,MB PAGODA Mr. DIDI,"Kamis, 04 Juni 2026",BODY PAINT,SAMPLE TEROTEK DAN PROSES TEROTEK,FALSE,FALSE,TRUE,APLIKASIKAN KE FENDER KANAN DAN PERLIHATKAN KEMBALI KE BAPAK,TRUE,FALSE,,
87,,FIAT MULTIPLA Mr. JOKO,"Kamis, 04 Juni 2026",BODY WORK ,KOROSI DOFF VELG 1 PCS PARAH IJIN UNTUK DI LEMIR OLEH LEM KAFUTER,FALSE,FALSE,TRUE,ACC,TRUE,FALSE,,
88,,MB 300 CE Mr. DIKO,"Kamis, 04 Juni 2026",BODY WORK ,"COVER TRISPLANG BEKAS TAMBALAN, BUKAN ORIGINAL. IZIN UNTUK HUNTING",FALSE,FALSE,TRUE,HUNTING PAK RENALD,TRUE,FALSE,,
89,,MB 300 CE Mr. DIKO,"Kamis, 04 Juni 2026",BODY WORK ,LAMPU SEIN DEPAN PATAH PENGUNCINYA SAAT PROSES FITTING,FALSE,FALSE,TRUE,ACC REPAIR TAPI CARI HISTORY SIAPA YG MENGERJAKAN SEBELUM NYA SEHINGGA PART TSB PATAH,TRUE,FALSE,,
90,NANDA,MB 300 CE Mr. DIKO,"Kamis, 04 Juni 2026",BODY PAINT,WARNA CAT APAKAH AKAN GANTI WARNA ATAU MENGIKUTI CAT BAWAAN,FALSE,FALSE,TRUE,TANYAKAN KEPADA PAK DIKO OLEH BU WIDYA,TRUE,FALSE,,
91,IQBAL N,MB R230 PAK STANLEY,"Kamis, 04 Juni 2026",BODY PAINT,"PERBAIKAN HASIL TEST DRIVE, TERLAMPIR",FALSE,FALSE,TRUE,"1.	Remd epan bunyi bagian kiri / cek test drive kembali
2.	Jaring barang di interior kendor / repair di potong  untuk disesuaikan)
3.	Kaca segitiga belakang R bocor / sealant
4.	Ram speaker kotor / cleaning
5.	Soft top bunyi / lumasi dengan cairan dari pak stanley
6.	Area opening pintu ada over spray / cleaning
7.	Repair dan rapihkan bracket lampu / acc
",TRUE,FALSE,,
92,PRATAMA,MB R129 Mr. DIKO,"Kamis, 04 Juni 2026",MEKANIK ,"Radiator bocor di sirip paling atas (sebelum pemasangan ke unit sudah di tes kebocoran di luar dan tidak bocor, setelah running beberapa kali baru terlihat tetesan air radiator)",FALSE,FALSE,TRUE,ACC untuk hunting dan informasikan harga nya,TRUE,FALSE,,
93,PRATAMA,MB R129 Mr. DIKO,"Kamis, 04 Juni 2026",MEKANIK ,ODOMETER MATI,FALSE,FALSE,TRUE,ANALISA KERUSAKAN KE PAK BENO DAN INFOKAN BERAPA BIAYA SERVICE,TRUE,FALSE,,
94,RIZKY,PORSCHE 930 Mr. ADRIAN,"Kamis, 04 Juni 2026",MEKANIK ,"Mesin tidak bisa di gas, harus beberapa kali gas RPM baru naik, awal mula tidak bisa di gas. Kemungkinan mekanisme fuel distmacet, soving nya untuk di bongkar dan cek fuel dist oleh Pak Asep durasi 8 jam ",FALSE,FALSE,TRUE,acc kerjakan oleh pak asep dan update,TRUE,FALSE,,
95,SANDY,MB E320 SPORTLINE SILVER Mr. DIKO,"Kamis, 04 Juni 2026",BODY WORK ,"Karet handle pintu dan karet pelipit kaca pintu depan dan belakang Rh/LH terindikasi sudah keras jadi tidak pas terhadap permukaan handle nya , pengajuan ganti baru ",FALSE,FALSE,TRUE,TIDAK ACC ASANGKAN SAJA BAWAAN NYA,FALSE,TRUE,,
96,SANDY,CHEVROLET Mr. NYOMAN,"Jumat, 05 Juni 2026",BODY WORK ,"Body dan Chasis
Hasil pemasangan air sus kondisi roda sudah cukup rata hanya selisih 3 mm antara kiri dan kanan. Namun pemasangan mounting kaki-kaki masih belum di las full dan kondisi roda belakang terlihat kurang center terhadap fender (fender belakang masih bisa berubat posisi, karena bukan panel mati/bisa di stel). Pengajuan untuk memisahkan body dari chasis dengan tujuan untuk mengukur kerataan chasis, ketepatan pemasangan mounting kaki-kaki dan melakukan pengelasan mounting yang masih di titik las. Agar pengukuran dapat dimaksimalkan jika body sudah dipisahkan",FALSE,FALSE,TRUE,ACC,TRUE,FALSE,,
97,SANDY,FIAT MULTIPLA Mr. JOKO,"Jumat, 05 Juni 2026",BODY WORK ,"Celak kap mesin tidak bisa sesuai terhadap body, kap mesin ukuran tidak sama beda 5 mm karena settingan awal body sebelum naik cat belum maksimal",FALSE,FALSE,TRUE,TELUSURI SALAH NYA,FALSE,FALSE,,
98,SANDY,FIAT MULTIPLA Mr. JOKO,"Jumat, 05 Juni 2026",BODY WORK ,Body belakang bagian bawah ada retak (cat sol bagian yg retak nya),FALSE,FALSE,TRUE,TELUSURI SALAH NYA,FALSE,FALSE,,
99,SANDY,FIAT MULTIPLA Mr. JOKO,"Jumat, 05 Juni 2026",BODY WORK ,"kaca pintu belakang LH bagian belakang , kaca nya hasil buat baru awal kedatangan hanya cek dimensinya saja namun setelah di fitting dengan karet channel yg baru  di buat terdapat kendala dan terindikasi kaca tersebut permukaan nya cekung. seharus nya rata / datar. dimaksimalkan untuk karet channel di sesuaikan terhadap kaca",FALSE,FALSE,TRUE,acc,TRUE,FALSE,,
100,SANDY,FIAT MULTIPLA Mr. JOKO,"Jumat, 05 Juni 2026",BODY WORK ,Regulator kaca pintu depan rh/lh izin di bongkar bagian gear dalam untuk diperbaiki speling yang terlalu besar,FALSE,FALSE,TRUE,acc,TRUE,FALSE,,
101,SANDY,FIAT MULTIPLA Mr. JOKO,"Jumat, 05 Juni 2026",BODY WORK ,Bracket kaca pintu ganti ada korosi,FALSE,FALSE,TRUE,acc,TRUE,FALSE,,
102,SANDY,FIAT MULTIPLA Mr. JOKO,"Jumat, 05 Juni 2026",BODY WORK ,pintu belakang kiri ada retakan  dekat engsel saat penyetlan awal,FALSE,FALSE,TRUE,,FALSE,FALSE,,
103,SANDY,FIAT MULTIPLA Mr. JOKO,"Jumat, 05 Juni 2026",BODY WORK ,mekanisme regulator kaca speling besar akan di tambah plat,FALSE,FALSE,TRUE,acc,TRUE,FALSE,,
104,RUHIAT ,MB PONTON 220 S Mr. SANTOSO,"Selasa, 09 Juni 2026",INTERIOR ,Pengajuan penggantian hardboars doortrim depan rh/lh dan trim belakang rh/lh. Bawaan unit tidak presisi di bagian lubang regulator dan lubang handle lock pintu dan kayu pocket tidak maksinal,FALSE,FALSE,TRUE,acc dokumentasikan part sebelum nya,TRUE,FALSE,,
105,RUHIAT ,MB MPS Mr. DIKO,"Selasa, 09 Juni 2026",INTERIOR ,Jok depan rh/lh pengecekan mekanisme bagian dalam senderan jok depan rh/lh. Ijin untuk melepas cover jok depan rh/lh,FALSE,FALSE,TRUE,acc buka dengan hati-hati,TRUE,FALSE,,
106,PRATAMA,MB R129 Mr. DIKO,"Selasa, 09 Juni 2026",MEKANIK ,balon jok (bawaan tidak ada) apakah akan di aktifkan kembali atau tidak ? ijin untuk pengajuan pembelian balon udara untuk jok (sandaran),FALSE,FALSE,TRUE,"ACC UNTUK DI HUNTING DAN INFORMASIKAN KEPADA BAPAK, COBA HUNTING DI PAK ADE GERLONG",TRUE,FALSE,,
107,RUHIAT ,MB PONTON 220 S Mr. SANTOSO,"Selasa, 09 Juni 2026",INTERIOR ,Pengajuan penggantian hardboard doortrim depan rh/lh dan trim belakang rh/lh karena bawaan unit tidak presisi di bagian lubang regulator dan lubang handle lock pintu serta kayu pocket tidak maksimal,FALSE,FALSE,TRUE,acc untuk di ganti,TRUE,FALSE,,
108,RUHIAT ,MB MPS Mr. DIKO,"Selasa, 09 Juni 2026",INTERIOR ,Jok depan RH/LH pengecekan mekanisme bagian dalam senderan jok depan RH/LH. Ijin untuk melepas cover jok nya,FALSE,FALSE,TRUE,acc,TRUE,FALSE,,
109,YUDHA,PORSCHE 944 Mr. PRAM,"Rabu, 10 Juni 2026",MEKANIK ,"Pembagi steer (radius saat putr arah kecil)
Karena saat penggantian seal rack yg bocor, as rack steer nya diberi stoper agar sewaktu belok tidak terlalu mentok dan tidak merusak seal. Ijin untuk di papas stoper as nya dari 7 mm jadi 4 mm ",FALSE,FALSE,TRUE,"tidak usah di kerjakan, tp nanti di informasikan kepada cutomer oleh bu widya untuk hal tsb",FALSE,TRUE,,
110,NANDA,MB E320 SPORTLINE SILVER Mr. DIKO,"Kamis, 11 Juni 2026",BODY PAINT,Bumper belakang beberapa bagian ada yg timbul dari bagian sambungan jahitan . ijin untuk di lapisi resin,FALSE,FALSE,TRUE,spray cat dasar dulu saja nanti perlihatkan ke bapak sekalian lihat presisi nya bumper,FALSE,TRUE,,
111,RUHIAT ,FIAT MULTIPLA Mr. JOKO,"Jumat, 12 Juni 2026",INTERIOR ,Karpet dhasboard pengajuan bahan akan pakai karpet bulu atau bahan oscar sama dengan jok,FALSE,FALSE,TRUE,Pakai karpet sisa porsche 356 untuk di cukur dahulu dan perlihatkan ke bapak,TRUE,FALSE,,
112,RUHIAT ,FIAT MULTIPLA Mr. JOKO,"Jumat, 12 Juni 2026",INTERIOR ,Handle tarikan plafon pengajuan akan pakai bahan kulit atau bahan oscar,FALSE,FALSE,TRUE,pakai bahan kulit sisa porsche 356,TRUE,FALSE,,
113,ARIES,MB MP MASTERPIECE PAK DIKO,"Jumat, 12 Juni 2026",MEKANIK ,"ANALISA UNTUK HASIL TEST DRIVE ADA JEDUG, SOVING GANTI KARET PROPELLER SHAFT UNIT MPS DI PAKAI DAHULU DAN ORDER KEMBALI KE LN",FALSE,FALSE,TRUE,ORDER PENGGANTI NYA KE LN UPDATE SEGERA,TRUE,FALSE,,
114,SANDY,MB 190 SL Mr. ADRIAN,"Rabu, 17 Juni 2026",BODY WORK ,"Rangka softop bagian depan terdapat retak dan jika di las kemungkinan tidak akan maximal dari segi ketahanan maupun tampilan nya.
Izin penggantian dengan dengan material yang berbeda",FALSE,FALSE,TRUE,"TIDAK ACC , DI LAS SAJA DAN KOROSI NYA DI HAMPLAS SAMAR SAJA",FALSE,TRUE,,
115,YUDHA,PORSCHE 944 Mr. PRAM,"Kamis, 25 Juni 2026",MEKANIK ,"kebocoran oli pada rack steer , adanya ke ausan pada housing pinion dan seal + oring-oring mulai gepeng. solving penggantian housing pinion dan order repair kit rack steer",FALSE,FALSE,TRUE,ganti seal dan oring nya saja,FALSE,TRUE,,
116,HERDY,MB MPS Mr. DIKO,"Jumat, 10 Juli 2026",MEKANIK ,"LIST BUMPER DEPAN MB SP SILVER YANG BARU DI BELI DI PAKAI KE MB MPS, DAN YG MPS DI TUKAR KE SP SILVER DI POLES DAHULU",FALSE,FALSE,TRUE,ACC,TRUE,FALSE,,
117,IQBAL N,MB 500 SEC Mr. DIKO,"Jumat, 10 Juli 2026",MEKANIK ,PART-PART YANG DI AJUKAN VAPOUR CUKUP DI ASSE B3 SAJA KEMUDIAN FINISHING OLEH PAK YAYA,FALSE,FALSE,TRUE,ACC,FALSE,FALSE,,
118,IQBAL N,MASTERPIECE,"Jumat, 10 Juli 2026",MEKANIK ,"ORDERAN PART, VIDIOKAN ENGINE",FALSE,FALSE,TRUE,,FALSE,FALSE,,
119,NANDA,MB W124 E320 SPORTLINE Mr. MARTHIN,"Kamis, 16 Juli 2026",BODY PAINT,"BODY MOULDING PINTU DEPAN RH UJUNG PART TODAK RATA KE PINTU, KARENA PART BUKAN BAWAAN UNIT. SOLVING UJUNG MOULDING DI TAMBAL (TAMBAH DAGING) DENGAN PLASTIK STEEL (DEXTON) MENYESUAIKAN PINTU",FALSE,FALSE,TRUE,ACC,TRUE,FALSE,,
120,RUHIAT ,MB MPS Mr. DIKO,"Senin, 20 Juli 2026",INTERIOR ,WARNA WOOD PANEL DAN INTERIOR TIDAK SAMA,FALSE,FALSE,TRUE,"1.	Wood panel doortrim belakang rh di lepas dahulu dan perlihatkan ke bapak
2.	Dashboard depan spray sol cat bagian samping RH (ujung kanan)tidak di cat semua
3.	Dashboard bawah rh direpair bagian yang retak + spray sol cat bagian yg retak nya saja (ujungnya saja) tidak di cat keseluruhan
4.	asbak doortrim belakang rh/lh acc di cat ulang 
5.	cover plastik safetu belt trim plafon belakang L/R tidak acc di cat
6.	handle tarikan di doortrim warna kusam menguning (tidak acc di cat ulang)
7.	console box acc di repair + cat ulang . noted : cat jangan tebal harus tipis agar texture tidak hilang",TRUE,FALSE,,
121,RUHIAT ,MB E320 SPORTLINE SILVER Mr. DIKO,"Jumat, 10 Juli 2026",INTERIOR ,keselarasan warna interior doortrim pilar kaca depan,FALSE,FALSE,TRUE,warna jomplang gpp samakan dengan trim plafon tapi warna lebih muda / dibedakan menedati. karena sudah variasi,TRUE,FALSE,,
122,SANDY,MB E320 SPORTLINE SILVER Mr. DIKO,"Selasa, 21 Juli 2026",BODY WORK ,"FENDER DEPAN LH BAGIAN LAMPU SEIN, HARUS DILAKUKAN PENGERTOKAN NAMUN BERESIKO CAT RUSAK",FALSE,FALSE,TRUE,ACC PASANGKAN APA ADANYA SAJA (TOLERANSI),TRUE,FALSE,,
123,RUHIAT ,MB PAGODA Mr. DIDI,"Selasa, 21 Juli 2026",INTERIOR ,PEMBAHASAN WARNA INTERIOR,FALSE,FALSE,TRUE,MENUNGGU DI BAHAS DENGAN PAK STANLEY,TRUE,FALSE,,
124,,,,,,FALSE,FALSE,FALSE,,FALSE,FALSE,,
125,,,,,,FALSE,FALSE,FALSE,,FALSE,FALSE,,
126,,,,,,FALSE,FALSE,FALSE,,FALSE,FALSE,,
127,,,,,,FALSE,FALSE,FALSE,,FALSE,FALSE,,
128,,,,,,FALSE,FALSE,FALSE,,FALSE,FALSE,,
129,,,,,,FALSE,FALSE,FALSE,,FALSE,FALSE,,
130,,,,,,FALSE,FALSE,FALSE,,FALSE,FALSE,,
131,,,,,,FALSE,FALSE,FALSE,,FALSE,FALSE,,
132,,,,,,FALSE,FALSE,FALSE,,FALSE,FALSE,,
133,,,,,,FALSE,FALSE,FALSE,,FALSE,FALSE,,
134,,,,,,FALSE,FALSE,FALSE,,FALSE,FALSE,,
135,,,,,,FALSE,FALSE,FALSE,,FALSE,FALSE,,
136,,,,,,FALSE,FALSE,FALSE,,FALSE,FALSE,,
137,,,,,,FALSE,FALSE,FALSE,,FALSE,FALSE,,
138,,,,,,FALSE,FALSE,FALSE,,FALSE,FALSE,,
139,,,,,,FALSE,FALSE,FALSE,,FALSE,FALSE,,
140,,,,,,FALSE,FALSE,FALSE,,FALSE,FALSE,,
141,,,,,,FALSE,FALSE,FALSE,,FALSE,FALSE,,
142,,,,,,FALSE,FALSE,FALSE,,FALSE,FALSE,,
143,,,,,,FALSE,FALSE,FALSE,,FALSE,FALSE,,
144,,,,,,FALSE,FALSE,FALSE,,FALSE,FALSE,,
145,,,,,,FALSE,FALSE,FALSE,,FALSE,FALSE,,
146,,,,,,FALSE,FALSE,FALSE,,FALSE,FALSE,,
147,,,,,,FALSE,FALSE,FALSE,,FALSE,FALSE,,
148,,,,,,FALSE,FALSE,FALSE,,FALSE,FALSE,,
149,,,,,,FALSE,FALSE,FALSE,,FALSE,FALSE,,
150,,,,,,FALSE,FALSE,FALSE,,FALSE,FALSE,,
151,,,,,,FALSE,FALSE,FALSE,,FALSE,FALSE,,
152,,,,,,FALSE,FALSE,FALSE,,FALSE,FALSE,,
153,,,,,,FALSE,FALSE,FALSE,,FALSE,FALSE,,
154,,,,,,FALSE,FALSE,FALSE,,FALSE,FALSE,,
155,,,,,,FALSE,FALSE,FALSE,,FALSE,FALSE,,
156,,,,,,FALSE,FALSE,FALSE,,FALSE,FALSE,,
157,,,,,,FALSE,FALSE,FALSE,,FALSE,FALSE,,
158,,,,,,FALSE,FALSE,FALSE,,FALSE,FALSE,,
159,,,,,,FALSE,FALSE,FALSE,,FALSE,FALSE,,
160,,,,,,FALSE,FALSE,FALSE,,FALSE,FALSE,,
161,,,,,,FALSE,FALSE,FALSE,,FALSE,FALSE,,
162,,,,,,FALSE,FALSE,FALSE,,FALSE,FALSE,,
163,,,,,,FALSE,FALSE,FALSE,,FALSE,FALSE,,
164,,,,,,FALSE,FALSE,FALSE,,FALSE,FALSE,,
165,,,,,,FALSE,FALSE,FALSE,,FALSE,FALSE,,
166,,,,,,FALSE,FALSE,FALSE,,FALSE,FALSE,,
167,,,,,,FALSE,FALSE,FALSE,,FALSE,FALSE,,
168,,,,,,FALSE,FALSE,FALSE,,FALSE,FALSE,,
169,,,,,,FALSE,FALSE,FALSE,,FALSE,FALSE,,
170,,,,,,FALSE,FALSE,FALSE,,FALSE,FALSE,,
171,,,,,,FALSE,FALSE,FALSE,,FALSE,FALSE,,
172,,,,,,FALSE,FALSE,FALSE,,FALSE,FALSE,,
173,,,,,,FALSE,FALSE,FALSE,,FALSE,FALSE,,
174,,,,,,FALSE,FALSE,FALSE,,FALSE,FALSE,,
175,,,,,,FALSE,FALSE,FALSE,,FALSE,FALSE,,
176,,,,,,FALSE,FALSE,FALSE,,FALSE,FALSE,,
176,,,,,,FALSE,FALSE,FALSE,,FALSE,FALSE,,
177,,,,,,FALSE,FALSE,FALSE,,FALSE,FALSE,,
178,,,,,,FALSE,FALSE,FALSE,,FALSE,FALSE,,
179,,,,,,FALSE,FALSE,FALSE,,FALSE,FALSE,,
180,,,,,,FALSE,FALSE,FALSE,,FALSE,FALSE,,
181,,,,,,FALSE,FALSE,FALSE,,FALSE,FALSE,,
182,,,,,,FALSE,FALSE,FALSE,,FALSE,FALSE,,
183,,,,,,FALSE,FALSE,FALSE,,FALSE,FALSE,,
184,,,,,,FALSE,FALSE,FALSE,,FALSE,FALSE,,
185,,,,,,FALSE,FALSE,FALSE,,FALSE,FALSE,,
186,,,,,,FALSE,FALSE,FALSE,,FALSE,FALSE,,
187,,,,,,FALSE,FALSE,FALSE,,FALSE,FALSE,,
188,,,,,,FALSE,FALSE,FALSE,,FALSE,FALSE,,
189,,,,,,FALSE,FALSE,FALSE,,FALSE,FALSE,,
190,,,,,,FALSE,FALSE,FALSE,,FALSE,FALSE,,