,,,,,,,,,,
,,,,,,,,,,
,Report Project DAILY april ,,,,,,,,,
,,,,,,,,,,
,,,,,,,,,,
,No.,Nama unit,Mechanic,Body Work,Body Paint,Interior,Chrome,Bubut,Warehouse,Total Jam Kerja
,UNIT MARGIN,,,,,,,,,
,#REF!,,,,,,,,,
,,,,,,,,,,
,,,,,,,,,,
,,,,,,,,,,
,,,,,,,,,,
,,,,,,,,,,
,,,,,,,,,,
,,,,,,,,,,
,,,,,,,,,,
,,,,,,,,,,
,,,,,,,,,,
,,,,,,,,,,
,,,,,,,,,,
,,,,,,,,,,
,,,,,,,,,,
,,,,,,,,,,
,,,,,,,,,,
,,,,,,,,,,
,,,,,,,,,,
,,,,,,,,,,
,,,,,,,,,,
,,,,,,,,,,
,,,,,,,,,,
,,,,,,,,,,
,,,,,,,,,,
,,,,,,,,,,
,,,,,,,,,,
,,,,,,,,,,
,,,,,,,,,,
,,,,,,,,,,
,,,,,,,,,,
,,,,,,,,,,
,,,,,,,,,,
,,,,,,,,,,
,,,,,,,,,,
,,,,,,,,,,
,,,,,,,,,,
,,,,,,,,,,
,,,,,,,,,,
,,,,,,,,,,
,,,,,,,,,,
,,,,,,,,,,
,,,,,,,,,,
,,,,,,,,,,
,,,,,,,,,,
,,,,,,,,,,
,,,,,,,,,,
,,,,,,,,,,
,,TOTAL MARGIN,0:00,,,TARGET MARGIN,,12700:00,,
,,TOTAL NON MARGIN,0:00,,,TARGET NON MARGIN,,3846:00,,
,,ALL UNIT,1295:00,,,TOTAL,,16546:00,,
,,TOTAL KESELURUHAN JAM KERJA,1295:00,,,,,,,